Kitty v Residenz
------------------------------------------------------------------------
Generation 24
  +- Searching AKC by name
  +- Trying AKC name candidate: Kitty v Residenz
  +- AKC name lookup: not_found
  +- Checking DobeQuest identity index
    +- DobeQuest match 12887 → AKC AKC751717
    +- Trying AKC number lookup: AKC751717
    +- DobeQuest-only profile 12887; skipping AKC PDF

Edel v Barbarossahoehle
------------------------------------------------------------------------
Generation 24
  +- Searching AKC by name
  +- Trying AKC name candidate: Edel v Barbarossahoehle
  +- AKC name lookup: not_found
  +- Checking DobeQuest identity index
    +- DobeQuest-only profile 11886; skipping AKC PDF

Hella v Sigalsburg
------------------------------------------------------------------------
Generation 24
  +- Searching AKC by name
  +- Trying AKC name candidate: Hella v Sigalsburg
  +- AKC name lookup: not_found
  +- Checking DobeQuest identity index
    +- DobeQuest-only profile 17507; skipping AKC PDF

Ch Dietrich vd Barbarossahoehle
------------------------------------------------------------------------
Generation 24
  +- Searching AKC by name
  +- Trying AKC name candidate: Ch Dietrich vd Barbarossahoehle
  +- Trying AKC name candidate: Dietrich vd Barbarossahoehle
  +- AKC name lookup: not_found
  +- Checking DobeQuest identity index
    +- DobeQuest match 11695 → AKC 561617
    +- Trying AKC number lookup: 561617
    +- DobeQuest-only profile 11695; skipping AKC PDF

Black Boots
------------------------------------------------------------------------
Generation 24
  +- Searching AKC by name
  +- Trying AKC name candidate: Black Boots
  +- AKC name lookup: not_found
  +- Checking DobeQuest identity index
    +- DobeQuest match 46201 → AKC AKC940802
    +- Trying AKC number lookup: AKC940802
    +- DobeQuest-only profile 46201; skipping AKC PDF

Hela v Goetterfelsen
------------------------------------------------------------------------
Generation 24
  +- Searching AKC by name
  +- Trying AKC name candidate: Hela v Goetterfelsen
  +- AKC name lookup: not_found
  +- Checking DobeQuest identity index
    +- DobeQuest match 12440 → AKC 402278
    +- Trying AKC number lookup: 402278
  +- Resolved AKC identity: Kashari's Krystal Antonio (402278)
  +- Reading MyAKC Dog Information
  +- DobeQuest AKC mismatch: MyAKC returned Kashari's Krystal Antonio (Xoloitzcuintli)

Chloe v Brunia
------------------------------------------------------------------------
Generation 24
  +- Searching AKC by name
  +- Trying AKC name candidate: Chloe v Brunia
  +- AKC name lookup: not_found
  +- Checking DobeQuest identity index
    +- DobeQuest match 60169 → AKC 886386
    +- Trying AKC number lookup: 886386
    +- DobeQuest-only profile 60169; skipping AKC PDF

Ch Flaemmchen v Lindenhof
------------------------------------------------------------------------
Generation 24
  +- Searching AKC by name
  +- Trying AKC name candidate: Ch Flaemmchen v Lindenhof
  +- Trying AKC name candidate: Flaemmchen v Lindenhof
  +- AKC name lookup: not_found
  +- Checking DobeQuest identity index
    +- DobeQuest match 12098 → AKC A014579
    +- Trying AKC number lookup: A014579
    +- DobeQuest-only profile 12098; skipping AKC PDF

Donafran's The Prince
------------------------------------------------------------------------
Generation 24
+- Reusing local PDF by normalized name: AHN999_100354999689WB09753219092026063707193.pdf
+- Using existing checkpoint (resolved_from_pdf_cache)
  +- Queueing 2 parent record(s) for generation 25

Don's Sable Lady
------------------------------------------------------------------------
Generation 24
+- Reusing local PDF by normalized name: AHN999_100354999689WA44672319092026063722717.pdf
+- Using existing checkpoint (resolved_from_pdf_cache)
  +- Queueing 1 parent record(s) for generation 25

John F K Of Oklahoma
------------------------------------------------------------------------
Generation 24
  +- Searching AKC by name
  +- Trying AKC name candidate: John F K Of Oklahoma
  +- Resolved AKC identity: John F K Of Oklahoma (WA226014)
  +- Reading MyAKC Dog Information
  +- Generating compact Herding Test/Trial PDF
  +- Saved record as akc:WA226014
  +- Removing processed Dog of Interest from MyAKC

Smolen's V Adelheid
------------------------------------------------------------------------
Generation 24
  +- Searching AKC by name
  +- Trying AKC name candidate: Smolen's V Adelheid
  +- Resolved AKC identity: Smolen's V Adelheid (WA035590)
  +- Reading MyAKC Dog Information
  +- Generating compact Herding Test/Trial PDF
  +- Saved record as akc:WA035590
  +- Removing processed Dog of Interest from MyAKC

Am/Dtch Ch Angola v Grammont
------------------------------------------------------------------------
Generation 25
  +- Searching AKC by name
  +- Trying AKC name candidate: Am/Dtch Ch Angola v Grammont
  +- AKC name lookup: not_found
  +- Checking DobeQuest identity index
    +- DobeQuest match 9519 → AKC 433210
    +- Trying AKC number lookup: 433210
    +- DobeQuest-only profile 9519; skipping AKC PDF

Artus v Rhein Erft
------------------------------------------------------------------------
Generation 25
  +- Searching AKC by name
  +- Trying AKC name candidate: Artus v Rhein Erft
  +- AKC name lookup: not_found
  +- Checking DobeQuest identity index
    +- DobeQuest-only profile 10696; skipping AKC PDF

Adele Fischer
------------------------------------------------------------------------
Generation 25
  +- Searching AKC by name
  +- Trying AKC name candidate: Adele Fischer
  +- AKC name lookup: not_found
  +- Checking DobeQuest identity index
    +- DobeQuest-only profile 34706; skipping AKC PDF

Ch Figaro of Pontchartrain CD
------------------------------------------------------------------------
Generation 25
  +- Searching AKC by name
  +- Trying AKC name candidate: Ch Figaro of Pontchartrain CD
  +- Trying AKC name candidate: Figaro of Pontchartrain
  +- AKC name lookup: not_found
  +- Checking DobeQuest identity index
    +- DobeQuest match 12093 → AKC A6330
    +- Trying AKC number lookup: A6330
    +- DobeQuest-only profile 12093; skipping AKC PDF

Baroness v Kesterhof
------------------------------------------------------------------------
Generation 25
  +- Searching AKC by name
  +- Trying AKC name candidate: Baroness v Kesterhof
  +- AKC name lookup: not_found
  +- Checking DobeQuest identity index
    +- DobeQuest match 10860 → AKC A28205
    +- Trying AKC number lookup: A28205
    +- DobeQuest-only profile 10860; skipping AKC PDF

Ch Leda Milde of Schroth Valley
------------------------------------------------------------------------
Generation 25
  +- Searching AKC by name
  +- Trying AKC name candidate: Ch Leda Milde of Schroth Valley
  +- Trying AKC name candidate: Leda Milde of Schroth Valley
  +- AKC name lookup: not_found
  +- Checking DobeQuest identity index
    +- DobeQuest match 13020 → AKC 829805
    +- Trying AKC number lookup: 829805
    +- DobeQuest-only profile 13020; skipping AKC PDF

Ch Bella v Stolzenberg
------------------------------------------------------------------------
Generation 25
  +- Searching AKC by name
  +- Trying AKC name candidate: Ch Bella v Stolzenberg
  +- Trying AKC name candidate: Bella v Stolzenberg
  +- AKC name lookup: not_found
  +- Checking DobeQuest identity index
    +- DobeQuest match 10901 → AKC 337253
    +- Trying AKC number lookup: 337253
    +- DobeQuest-only profile 10901; skipping AKC PDF

Bella v Ursulahof
------------------------------------------------------------------------
Generation 25
  +- Searching AKC by name
  +- Trying AKC name candidate: Bella v Ursulahof
  +- AKC name lookup: not_found
  +- Checking DobeQuest identity index
    +- DobeQuest-only profile 48220; skipping AKC PDF

Corina v Sigalsburg
------------------------------------------------------------------------
Generation 25
  +- Searching AKC by name
  +- Trying AKC name candidate: Corina v Sigalsburg
  +- AKC name lookup: not_found
  +- Checking DobeQuest identity index
    +- DobeQuest-only profile 11433; skipping AKC PDF

Ursula v Lugumklostor
------------------------------------------------------------------------
Generation 25
  +- Searching AKC by name
  +- Trying AKC name candidate: Ursula v Lugumklostor
  +- AKC name lookup: not_found
  +- Checking DobeQuest identity index
    +- DobeQuest-only profile 14802; skipping AKC PDF

DV Siegerin Anita Zur Immermannhoehe SchH I
------------------------------------------------------------------------
Generation 25
  +- Searching AKC by name
  +- Trying AKC name candidate: DV Siegerin Anita Zur Immermannhoehe SchH I
  +- Trying AKC name candidate: DV Siegerin Anita Zur Immermannhoehe SchH
  +- AKC name lookup: not_found
  +- Checking DobeQuest identity index
    +- DobeQuest match 10610 → AKC 872648
    +- Trying AKC number lookup: 872648
    +- DobeQuest-only profile 10610; skipping AKC PDF

Ch Jockel v Lobenstein
------------------------------------------------------------------------
Generation 25
  +- Searching AKC by name
  +- Trying AKC name candidate: Ch Jockel v Lobenstein
  +- Trying AKC name candidate: Jockel v Lobenstein
  +- AKC name lookup: not_found
  +- Checking DobeQuest identity index
    +- DobeQuest match 12725 → AKC 706937
    +- Trying AKC number lookup: 706937
    +- DobeQuest-only profile 12725; skipping AKC PDF

Dilly v Stolzenberg
------------------------------------------------------------------------
Generation 25
  +- Searching AKC by name
  +- Trying AKC name candidate: Dilly v Stolzenberg
  +- AKC name lookup: not_found
  +- Checking DobeQuest identity index
    +- DobeQuest-only profile 11696; skipping AKC PDF

Trail 'Em Adonis
------------------------------------------------------------------------
Generation 25
  +- Searching AKC by name
  +- Trying AKC name candidate: Trail 'Em Adonis
  +- AKC name lookup: not_found
  +- Checking DobeQuest identity index
    +- DobeQuest match 18569 → AKC 709104
    +- Trying AKC number lookup: 709104
    +- DobeQuest-only profile 18569; skipping AKC PDF

Asta v Frankenfurt
------------------------------------------------------------------------
Generation 25
  +- Searching AKC by name
  +- Trying AKC name candidate: Asta v Frankenfurt
  +- AKC name lookup: not_found
  +- Checking DobeQuest identity index
    +- DobeQuest match 18570 → AKC 709108
    +- Trying AKC number lookup: 709108
  +- Resolved AKC identity: Jotuini Of Lin Ya Nung (709108)
  +- Reading MyAKC Dog Information
  +- DobeQuest AKC mismatch: MyAKC returned Jotuini Of Lin Ya Nung (Pembroke Welsh Corgi)

Ch Baron of Silvergate
------------------------------------------------------------------------
Generation 25
  +- Searching AKC by name
  +- Trying AKC name candidate: Ch Baron of Silvergate
  +- Trying AKC name candidate: Baron of Silvergate
  +- AKC name lookup: not_found
  +- Checking DobeQuest identity index
    +- DobeQuest match 10850 → AKC 930604
    +- Trying AKC number lookup: 930604
    +- DobeQuest-only profile 10850; skipping AKC PDF

Wilhelmina of Kurtiska
------------------------------------------------------------------------
Generation 25
  +- Searching AKC by name
  +- Trying AKC name candidate: Wilhelmina of Kurtiska
  +- AKC name lookup: not_found
  +- Checking DobeQuest identity index
    +- DobeQuest match 15003 → AKC 955691
    +- Trying AKC number lookup: 955691
    +- DobeQuest-only profile 15003; skipping AKC PDF

Ch Prinz Carlo of Plantation Grove
------------------------------------------------------------------------
Generation 25
  +- Searching AKC by name
  +- Trying AKC name candidate: Ch Prinz Carlo of Plantation Grove
  +- Trying AKC name candidate: Prinz Carlo of Plantation Grove
  +- AKC name lookup: not_found
  +- Checking DobeQuest identity index
    +- DobeQuest match 18787 → AKC 855474
    +- Trying AKC number lookup: 855474
    +- DobeQuest-only profile 18787; skipping AKC PDF

Chika of Silvergate
------------------------------------------------------------------------
Generation 25
  +- Searching AKC by name
  +- Trying AKC name candidate: Chika of Silvergate
  +- AKC name lookup: not_found
  +- Checking DobeQuest identity index
    +- DobeQuest match 18786 → AKC 946157
    +- Trying AKC number lookup: 946157
    +- DobeQuest-only profile 18786; skipping AKC PDF

Kurt v Homburg
------------------------------------------------------------------------
Generation 25
  +- Searching AKC by name
  +- Trying AKC name candidate: Kurt v Homburg
  +- AKC name lookup: not_found
  +- Checking DobeQuest identity index
    +- DobeQuest match 12934 → AKC AKC999950
    +- Trying AKC number lookup: AKC999950
    +- DobeQuest-only profile 12934; skipping AKC PDF

Lone Gold
------------------------------------------------------------------------
Generation 25
  +- Searching AKC by name
  +- Trying AKC name candidate: Lone Gold
  +- AKC name lookup: not_found
  +- Checking DobeQuest identity index
    +- DobeQuest match 13063 → AKC 137505
    +- Trying AKC number lookup: 137505
    +- DobeQuest-only profile 13063; skipping AKC PDF

Ch Lady v Schoeffel
------------------------------------------------------------------------
Generation 25
  +- Searching AKC by name
  +- Trying AKC name candidate: Ch Lady v Schoeffel
  +- Trying AKC name candidate: Lady v Schoeffel
  +- AKC name lookup: not_found
  +- Checking DobeQuest identity index
    +- DobeQuest match 10241 → AKC 971514
    +- Trying AKC number lookup: 971514
    +- DobeQuest-only profile 10241; skipping AKC PDF

Ilse v Lindenhof
------------------------------------------------------------------------
Generation 25
  +- Searching AKC by name
  +- Trying AKC name candidate: Ilse v Lindenhof
  +- AKC name lookup: not_found
  +- Checking DobeQuest identity index
    +- DobeQuest match 12631 → AKC A020102
    +- Trying AKC number lookup: A020102
    +- DobeQuest-only profile 12631; skipping AKC PDF

Ch Satan vd Schroth
------------------------------------------------------------------------
Generation 25
  +- Searching AKC by name
  +- Trying AKC name candidate: Ch Satan vd Schroth
  +- Trying AKC name candidate: Satan vd Schroth
  +- AKC name lookup: not_found
  +- Checking DobeQuest identity index
    +- DobeQuest match 14256 → AKC 879442
    +- Trying AKC number lookup: 879442
    +- DobeQuest-only profile 14256; skipping AKC PDF

Ch Bona v Blankenburg
------------------------------------------------------------------------
Generation 25
  +- Searching AKC by name
  +- Trying AKC name candidate: Ch Bona v Blankenburg
  +- Trying AKC name candidate: Bona v Blankenburg
  +- AKC name lookup: not_found
  +- Checking DobeQuest identity index
    +- DobeQuest match 11047 → AKC 702946
    +- Trying AKC number lookup: 702946
    +- DobeQuest-only profile 11047; skipping AKC PDF

Nora v Elsass
------------------------------------------------------------------------
Generation 25
  +- Searching AKC by name
  +- Trying AKC name candidate: Nora v Elsass
  +- AKC name lookup: not_found
  +- Checking DobeQuest identity index
    +- DobeQuest-only profile 13831; skipping AKC PDF

Heidi v Silberberg
------------------------------------------------------------------------
Generation 25
  +- Searching AKC by name
  +- Trying AKC name candidate: Heidi v Silberberg
  +- AKC name lookup: not_found
  +- Checking DobeQuest identity index
    +- DobeQuest-only profile 12432; skipping AKC PDF

Sgr, Ger Ch Adelfried vd Wendenburg SchH I
------------------------------------------------------------------------
Generation 25
  +- Searching AKC by name
  +- Trying AKC name candidate: Sgr, Ger Ch Adelfried vd Wendenburg SchH I
  +- Trying AKC name candidate: Sgr, Ger Ch Adelfried vd Wendenburg SchH
  +- AKC name lookup: not_found
  +- Checking DobeQuest identity index
    +- DobeQuest-only profile 10439; skipping AKC PDF

Herta Bergmann
------------------------------------------------------------------------
Generation 25
  +- Searching AKC by name
  +- Trying AKC name candidate: Herta Bergmann
  +- AKC name lookup: not_found
  +- Checking DobeQuest identity index
    +- DobeQuest-only profile 32925; skipping AKC PDF

Alex v Simmenau
------------------------------------------------------------------------
Generation 25
  +- Searching AKC by name
  +- Trying AKC name candidate: Alex v Simmenau
  +- AKC name lookup: not_found
  +- Checking DobeQuest identity index
    +- DobeQuest-only profile 10482; skipping AKC PDF

Kuno v Ostersee
------------------------------------------------------------------------
Generation 25
  +- Searching AKC by name
  +- Trying AKC name candidate: Kuno v Ostersee
  +- AKC name lookup: not_found
  +- Checking DobeQuest identity index
    +- DobeQuest-only profile 22331; skipping AKC PDF

Senta v Hornegg
------------------------------------------------------------------------
Generation 25
  +- Searching AKC by name
  +- Trying AKC name candidate: Senta v Hornegg
  +- AKC name lookup: not_found
  +- Checking DobeQuest identity index
    +- DobeQuest-only profile 22332; skipping AKC PDF

Jack v Stuebbenhaus
------------------------------------------------------------------------
Generation 25
  +- Searching AKC by name
  +- Trying AKC name candidate: Jack v Stuebbenhaus
  +- AKC name lookup: not_found
  +- Checking DobeQuest identity index
    +- DobeQuest-only profile 12665; skipping AKC PDF

Asta Schirbach
------------------------------------------------------------------------
Generation 25
  +- Searching AKC by name
  +- Trying AKC name candidate: Asta Schirbach
  +- AKC name lookup: not_found
  +- Checking DobeQuest identity index
    +- DobeQuest-only profile 10721; skipping AKC PDF

Asta v Oststern
------------------------------------------------------------------------
Generation 25
  +- Searching AKC by name
  +- Trying AKC name candidate: Asta v Oststern
  +- AKC name lookup: not_found
  +- Checking DobeQuest identity index
    +- DobeQuest-only profile 26857; skipping AKC PDF

Artus vd Blankenburg
------------------------------------------------------------------------
Generation 25
  +- Searching AKC by name
  +- Trying AKC name candidate: Artus vd Blankenburg
  +- AKC name lookup: not_found
  +- Checking DobeQuest identity index
    +- DobeQuest-only profile 54732; skipping AKC PDF

Bruno v Friedewald
------------------------------------------------------------------------
Generation 25
  +- Searching AKC by name
  +- Trying AKC name candidate: Bruno v Friedewald
  +- AKC name lookup: not_found
  +- Checking DobeQuest identity index
    +- DobeQuest-only profile 33829; skipping AKC PDF

Alma v Rednitz
------------------------------------------------------------------------
Generation 25
  +- Searching AKC by name
  +- Trying AKC name candidate: Alma v Rednitz
  +- AKC name lookup: not_found
  +- Checking DobeQuest identity index
    +- DobeQuest-only profile 48350; skipping AKC PDF

Lord v Dornham
------------------------------------------------------------------------
Generation 25
  +- Searching AKC by name
  +- Trying AKC name candidate: Lord v Dornham
  +- AKC name lookup: not_found
  +- Checking DobeQuest identity index
    +- DobeQuest-only profile 48886; skipping AKC PDF

Luna v Braunfels
------------------------------------------------------------------------
Generation 25
  +- Searching AKC by name
  +- Trying AKC name candidate: Luna v Braunfels
  +- AKC name lookup: not_found
  +- Checking DobeQuest identity index
    +- DobeQuest-only profile 48887; skipping AKC PDF

Edith v Emschertal
------------------------------------------------------------------------
Generation 25
  +- Searching AKC by name
  +- Trying AKC name candidate: Edith v Emschertal
  +- AKC name lookup: not_found
  +- Checking DobeQuest identity index
    +- DobeQuest-only profile 22302; skipping AKC PDF

Belli v Elfenfeld
------------------------------------------------------------------------
Generation 25
  +- Searching AKC by name
  +- Trying AKC name candidate: Belli v Elfenfeld
  +- AKC name lookup: not_found
  +- Checking DobeQuest identity index
    +- DobeQuest-only profile 23618; skipping AKC PDF

Gräfin Freia v Westerich
------------------------------------------------------------------------
Generation 25
  +- Searching AKC by name
  +- Trying AKC name candidate: Gräfin Freia v Westerich
  +- AKC name lookup: not_found
  +- Checking DobeQuest identity index
    +- DobeQuest-only profile 47175; skipping AKC PDF

Melitta v Parthengrund
------------------------------------------------------------------------
Generation 25
  +- Searching AKC by name
  +- Trying AKC name candidate: Melitta v Parthengrund
  +- AKC name lookup: not_found
  +- Checking DobeQuest identity index
    +- DobeQuest-only profile 13299; skipping AKC PDF

Hans v Jaegerhof
------------------------------------------------------------------------
Generation 25
  +- Searching AKC by name
  +- Trying AKC name candidate: Hans v Jaegerhof
  +- AKC name lookup: not_found
  +- Checking DobeQuest identity index
    +- DobeQuest-only profile 27509; skipping AKC PDF

Mira v Gevelsdorf
------------------------------------------------------------------------
Generation 25
  +- Searching AKC by name
  +- Trying AKC name candidate: Mira v Gevelsdorf
  +- AKC name lookup: not_found
  +- Checking DobeQuest identity index
    +- DobeQuest-only profile 48823; skipping AKC PDF

Bello Dallmann
------------------------------------------------------------------------
Generation 25
  +- Searching AKC by name
  +- Trying AKC name candidate: Bello Dallmann
  +- AKC name lookup: not_found
  +- Checking DobeQuest identity index
    +- DobeQuest-only profile 56489; skipping AKC PDF

Asta Becker
------------------------------------------------------------------------
Generation 25
  +- Searching AKC by name
  +- Trying AKC name candidate: Asta Becker
  +- AKC name lookup: not_found
  +- Checking DobeQuest identity index
    +- DobeQuest-only profile 47196; skipping AKC PDF

Dina v Butersburg
------------------------------------------------------------------------
Generation 25
  +- Searching AKC by name
  +- Trying AKC name candidate: Dina v Butersburg
  +- AKC name lookup: not_found
  +- Checking DobeQuest identity index
    +- DobeQuest-only profile 48229; skipping AKC PDF

Lux v Rosenhugel
------------------------------------------------------------------------
Generation 25
  +- Searching AKC by name
  +- Trying AKC name candidate: Lux v Rosenhugel
  +- AKC name lookup: not_found
  +- Checking DobeQuest identity index
    +- DobeQuest-only profile 48230; skipping AKC PDF

Freunde v Immertreu
------------------------------------------------------------------------
Generation 25
  +- Searching AKC by name
  +- Trying AKC name candidate: Freunde v Immertreu
  +- AKC name lookup: not_found
  +- Checking DobeQuest identity index
    +- DobeQuest-only profile 48231; skipping AKC PDF

Armin v Rottal
------------------------------------------------------------------------
Generation 25
  +- Searching AKC by name
  +- Trying AKC name candidate: Armin v Rottal
  +- AKC name lookup: not_found
  +- Checking DobeQuest identity index
    +- DobeQuest-only profile 33952; skipping AKC PDF

Loni v Ostersee
------------------------------------------------------------------------
Generation 25
  +- Searching AKC by name
  +- Trying AKC name candidate: Loni v Ostersee
  +- AKC name lookup: not_found
  +- Checking DobeQuest identity index
    +- DobeQuest-only profile 28263; skipping AKC PDF

Tell v Hagelsburg
------------------------------------------------------------------------
Generation 25
  +- Searching AKC by name
  +- Trying AKC name candidate: Tell v Hagelsburg
  +- AKC name lookup: not_found
  +- Checking DobeQuest identity index
    +- DobeQuest-only profile 47802; skipping AKC PDF

Duna
------------------------------------------------------------------------
Generation 25
+- Reusing local PDF by normalized name: AHN999_100354999689WE95361119092026125503526.pdf
+- Using existing checkpoint (resolved_from_pdf_cache)
  +- Queueing 2 parent record(s) for generation 26

Isolde v Coeln
------------------------------------------------------------------------
Generation 25
  +- Searching AKC by name
  +- Trying AKC name candidate: Isolde v Coeln
  +- AKC name lookup: not_found
  +- Checking DobeQuest identity index
    +- DobeQuest-only profile 12654; skipping AKC PDF

Diana v Burgholz
------------------------------------------------------------------------
Generation 25
  +- Searching AKC by name
  +- Trying AKC name candidate: Diana v Burgholz
  +- AKC name lookup: not_found
  +- Checking DobeQuest identity index
    +- DobeQuest-only profile 11684; skipping AKC PDF

Betty v Thueringen
------------------------------------------------------------------------
Generation 25
  +- Searching AKC by name
  +- Trying AKC name candidate: Betty v Thueringen
  +- AKC name lookup: not_found
  +- Checking DobeQuest identity index
    +- DobeQuest-only profile 28268; skipping AKC PDF

Junker Joerg v Ilm-Athen
------------------------------------------------------------------------
Generation 25
  +- Searching AKC by name
  +- Trying AKC name candidate: Junker Joerg v Ilm-Athen
  +- AKC name lookup: not_found
  +- Checking DobeQuest identity index
    +- DobeQuest-only profile 15237; skipping AKC PDF

Ullrich's Glocke v Ilm-Athen
------------------------------------------------------------------------
Generation 25
  +- Searching AKC by name
  +- Trying AKC name candidate: Ullrich's Glocke v Ilm-Athen
  +- AKC name lookup: not_found
  +- Checking DobeQuest identity index
    +- DobeQuest-only profile 15238; skipping AKC PDF

Ch Graf Rupert
------------------------------------------------------------------------
Generation 25
  +- Searching AKC by name
  +- Trying AKC name candidate: Ch Graf Rupert
  +- Trying AKC name candidate: Graf Rupert
  +- AKC name lookup: not_found
  +- Checking DobeQuest identity index
    +- DobeQuest match 16155 → AKC 157238
    +- Trying AKC number lookup: 157238
    +- DobeQuest-only profile 16155; skipping AKC PDF

Nina Waldhaus
------------------------------------------------------------------------
Generation 25
  +- Searching AKC by name
  +- Trying AKC name candidate: Nina Waldhaus
  +- AKC name lookup: not_found
  +- Checking DobeQuest identity index
    +- DobeQuest match 27136 → AKC 241996
    +- Trying AKC number lookup: 241996
    +- DobeQuest-only profile 27136; skipping AKC PDF

Flora Roemertal
------------------------------------------------------------------------
Generation 25
  +- Searching AKC by name
  +- Trying AKC name candidate: Flora Roemertal
  +- AKC name lookup: not_found
  +- Checking DobeQuest identity index
    +- DobeQuest-only profile 12134; skipping AKC PDF

Merigarda v Thueringen
------------------------------------------------------------------------
Generation 25
  +- Searching AKC by name
  +- Trying AKC name candidate: Merigarda v Thueringen
  +- AKC name lookup: not_found
  +- Checking DobeQuest identity index
    +- DobeQuest-only profile 15974; skipping AKC PDF

Ch Ortrud v Thueringen
------------------------------------------------------------------------
Generation 25
  +- Searching AKC by name
  +- Trying AKC name candidate: Ch Ortrud v Thueringen
  +- Trying AKC name candidate: Ortrud v Thueringen
  +- AKC name lookup: not_found
  +- Checking DobeQuest identity index
    +- DobeQuest-only profile 13872; skipping AKC PDF

Dora II v Schwaben
------------------------------------------------------------------------
Generation 25
  +- Searching AKC by name
  +- Trying AKC name candidate: Dora II v Schwaben
  +- AKC name lookup: not_found
  +- Checking DobeQuest identity index
    +- DobeQuest-only profile 11789; skipping AKC PDF

Sgrn Gunzelin v Altenburg-Jagerhof
------------------------------------------------------------------------
Generation 25
  +- Searching AKC by name
  +- Trying AKC name candidate: Sgrn Gunzelin v Altenburg-Jagerhof
  +- AKC name lookup: not_found
  +- Checking DobeQuest identity index
    +- DobeQuest-only profile 12332; skipping AKC PDF

Bosko v Hensdorf
------------------------------------------------------------------------
Generation 25
  +- Searching AKC by name
  +- Trying AKC name candidate: Bosko v Hensdorf
  +- AKC name lookup: not_found
  +- Checking DobeQuest identity index
    +- DobeQuest-only profile 18783; skipping AKC PDF

Ada v Apolda
------------------------------------------------------------------------
Generation 25
  +- Searching AKC by name
  +- Trying AKC name candidate: Ada v Apolda
  +- AKC name lookup: not_found
  +- Checking DobeQuest identity index
    +- DobeQuest-only profile 18784; skipping AKC PDF

Dina v Berlstedt
------------------------------------------------------------------------
Generation 25
  +- Searching AKC by name
  +- Trying AKC name candidate: Dina v Berlstedt
  +- AKC name lookup: not_found
  +- Checking DobeQuest identity index
    +- DobeQuest-only profile 15241; skipping AKC PDF

Flora v Groenland
------------------------------------------------------------------------
Generation 25
  +- Searching AKC by name
  +- Trying AKC name candidate: Flora v Groenland
  +- AKC name lookup: not_found
  +- Checking DobeQuest identity index
    +- DobeQuest-only profile 12135; skipping AKC PDF

Ch Veronika v Thueringen
------------------------------------------------------------------------
Generation 25
  +- Searching AKC by name
  +- Trying AKC name candidate: Ch Veronika v Thueringen
  +- Trying AKC name candidate: Veronika v Thueringen
  +- AKC name lookup: not_found
  +- Checking DobeQuest identity index
    +- DobeQuest-only profile 14847; skipping AKC PDF

Kunigunde II v Thueringen
------------------------------------------------------------------------
Generation 25
  +- Searching AKC by name
  +- Trying AKC name candidate: Kunigunde II v Thueringen
  +- AKC name lookup: not_found
  +- Checking DobeQuest identity index
    +- DobeQuest-only profile 15258; skipping AKC PDF

Baron Wolf v Thueringen
------------------------------------------------------------------------
Generation 25
  +- Searching AKC by name
  +- Trying AKC name candidate: Baron Wolf v Thueringen
  +- AKC name lookup: not_found
  +- Checking DobeQuest identity index
    +- DobeQuest-only profile 48095; skipping AKC PDF

Lotte v Hedersleben
------------------------------------------------------------------------
Generation 25
  +- Searching AKC by name
  +- Trying AKC name candidate: Lotte v Hedersleben
  +- AKC name lookup: not_found
  +- Checking DobeQuest identity index
    +- DobeQuest-only profile 16347; skipping AKC PDF

Nero
------------------------------------------------------------------------
Generation 25
+- Reusing local PDF by normalized name: AHN999_100354999689WP6718480719092026125641620.pdf
+- Using existing checkpoint (resolved_from_pdf_cache)
  +- Queueing 2 parent record(s) for generation 26

Ceres
------------------------------------------------------------------------
Generation 25
+- Reusing local PDF by normalized name: AHN999_100354999689WF93794919092026125651172.pdf
+- Using existing checkpoint (resolved_from_pdf_cache)
  +- Queueing 2 parent record(s) for generation 26

Schnuppine v Dennstedt
------------------------------------------------------------------------
Generation 25
  +- Searching AKC by name
  +- Trying AKC name candidate: Schnuppine v Dennstedt
  +- AKC name lookup: not_found
  +- Checking DobeQuest identity index
    +- DobeQuest-only profile 14277; skipping AKC PDF

Neff
------------------------------------------------------------------------
Generation 25
  +- Searching AKC by name
  +- Trying AKC name candidate: Neff
  +- AKC name lookup: not_found
  +- Checking DobeQuest identity index
    +- DobeQuest-only profile 13815; skipping AKC PDF

Schnuppine v Thueringen
------------------------------------------------------------------------
Generation 25
  +- Searching AKC by name
  +- Trying AKC name candidate: Schnuppine v Thueringen
  +- AKC name lookup: not_found
  +- Checking DobeQuest identity index
    +- DobeQuest-only profile 14279; skipping AKC PDF

Big Joe II
------------------------------------------------------------------------
Generation 25
  +- Searching AKC by name
  +- Trying AKC name candidate: Big Joe II
  +- Trying AKC name candidate: Big Joe
  +- Resolved AKC identity: Big Joe II (WC510998)
  +- Reading MyAKC Dog Information
  +- Generating compact Herding Test/Trial PDF
  +- Saved record as akc:WC510998
  +- Removing processed Dog of Interest from MyAKC
  +- Queueing 2 parent record(s) for generation 26

Jackie XVIII
------------------------------------------------------------------------
Generation 25
  +- Searching AKC by name
  +- Trying AKC name candidate: Jackie XVIII
  +- Trying AKC name candidate: Jackie
  +- Resolved AKC identity: Jackie XVIII (WD650172)
  +- Reading MyAKC Dog Information
  +- Generating compact Herding Test/Trial PDF
  +- Saved record as akc:WD650172
  +- Removing processed Dog of Interest from MyAKC
  +- Queueing 2 parent record(s) for generation 26

Prinz
------------------------------------------------------------------------
Generation 25
  +- Searching AKC by name
  +- Trying AKC name candidate: Prinz
  +- AKC name lookup: ambiguous
  +- Checking DobeQuest identity index
    +- DobeQuest-only profile 15216; skipping AKC PDF

Sieger Prinz Matzi v Groenland
------------------------------------------------------------------------
Generation 25
  +- Searching AKC by name
  +- Trying AKC name candidate: Sieger Prinz Matzi v Groenland
  +- AKC name lookup: not_found
  +- Checking DobeQuest identity index
    +- DobeQuest-only profile 13980; skipping AKC PDF

Theolina
------------------------------------------------------------------------
Generation 25
  +- Searching AKC by name
  +- Trying AKC name candidate: Theolina
  +- AKC name lookup: not_found
  +- Checking DobeQuest identity index
    +- DobeQuest-only profile 53442; skipping AKC PDF

Rambo
------------------------------------------------------------------------
Generation 25
+- Reusing local PDF by normalized name: AHN999_100354999689WF31275019092026125741816.pdf
+- Using existing checkpoint (resolved_from_pdf_cache)
  +- Queueing 2 parent record(s) for generation 26

Elly
------------------------------------------------------------------------
Generation 25
+- Reusing local PDF by normalized name: AHN999_100354999689ILP8711619092026125751845.pdf
+- Using existing checkpoint (resolved_from_pdf_cache)

Ch Carol v Weiss
------------------------------------------------------------------------
Generation 25
  +- Searching AKC by name
  +- Trying AKC name candidate: Ch Carol v Weiss
  +- Trying AKC name candidate: Carol v Weiss
  +- AKC name lookup: not_found
  +- Checking DobeQuest identity index
    +- DobeQuest match 11250 → AKC A360292
    +- Trying AKC number lookup: A360292
    +- DobeQuest-only profile 11250; skipping AKC PDF

Bonnie v Weiss
------------------------------------------------------------------------
Generation 25
  +- Searching AKC by name
  +- Trying AKC name candidate: Bonnie v Weiss
  +- AKC name lookup: not_found
  +- Checking DobeQuest identity index
    +- DobeQuest match 11055 → AKC A542133
    +- Trying AKC number lookup: A542133
    +- DobeQuest-only profile 11055; skipping AKC PDF

Ch Kilburn Avenger
------------------------------------------------------------------------
Generation 25
  +- Searching AKC by name
  +- Trying AKC name candidate: Ch Kilburn Avenger
  +- Trying AKC name candidate: Kilburn Avenger
  +- AKC name lookup: not_found
  +- Checking DobeQuest identity index
    +- DobeQuest match 27104 → AKC A791848
    +- Trying AKC number lookup: A791848
    +- DobeQuest-only profile 27104; skipping AKC PDF

Bonita v Spegal
------------------------------------------------------------------------
Generation 25
  +- Searching AKC by name
  +- Trying AKC name candidate: Bonita v Spegal
  +- AKC name lookup: not_found
  +- Checking DobeQuest identity index
    +- DobeQuest match 11050 → AKC A892343
    +- Trying AKC number lookup: A892343
    +- DobeQuest-only profile 11050; skipping AKC PDF

King Bo Of Blue Mountain
------------------------------------------------------------------------
Generation 25
  +- Searching AKC by name
  +- Trying AKC name candidate: King Bo Of Blue Mountain
  +- Resolved AKC identity: King Bo Of Blue Mountain (WF329172)
  +- Reading MyAKC Dog Information
  +- Generating compact Herding Test/Trial PDF
  +- Saved record as akc:WF329172
  +- Removing processed Dog of Interest from MyAKC
  +- Queueing 2 parent record(s) for generation 26

Oakden's Brite Star Of Angel
------------------------------------------------------------------------
Generation 25
  +- Searching AKC by name
  +- Trying AKC name candidate: Oakden's Brite Star Of Angel
  +- Resolved AKC identity: Oakden's Brite Star Of Angel (WF683390)
  +- Reading MyAKC Dog Information
  +- Generating compact Herding Test/Trial PDF
  +- Saved record as akc:WF683390
  +- Removing processed Dog of Interest from MyAKC
  +- Queueing 2 parent record(s) for generation 26

Travis Of Alcatraz
------------------------------------------------------------------------
Generation 25
  +- Searching AKC by name
  +- Trying AKC name candidate: Travis Of Alcatraz
  +- Resolved AKC identity: Travis Of Alcatraz (WE779482)
  +- Reading MyAKC Dog Information
  +- Generating compact Herding Test/Trial PDF
  +- Saved record as akc:WE779482
  +- Removing processed Dog of Interest from MyAKC
  +- Queueing 2 parent record(s) for generation 26

Kelley Marie II
------------------------------------------------------------------------
Generation 25
  +- Searching AKC by name
  +- Trying AKC name candidate: Kelley Marie II
  +- Trying AKC name candidate: Kelley Marie
  +- Resolved AKC identity: Kelley Marie II (WF508068)
  +- Reading MyAKC Dog Information
  +- Generating compact Herding Test/Trial PDF
  +- Saved record as akc:WF508068
  +- Removing processed Dog of Interest from MyAKC
  +- Queueing 2 parent record(s) for generation 26

Singers Big Stretch
------------------------------------------------------------------------
Generation 25
  +- Searching AKC by name
  +- Trying AKC name candidate: Singers Big Stretch
  +- Resolved AKC identity: Singers Big Stretch (WP65331913)
  +- Reading MyAKC Dog Information
  +- Generating compact Herding Test/Trial PDF
  +- Saved record as akc:WP65331913
  +- Removing processed Dog of Interest from MyAKC
  +- Queueing 2 parent record(s) for generation 26

Kimbertal's Ruby Rose
------------------------------------------------------------------------
Generation 25
  +- Searching AKC by name
  +- Trying AKC name candidate: Kimbertal's Ruby Rose
  +- Resolved AKC identity: Kimbertal's Ruby Rose (WP59108802)
  +- Reading MyAKC Dog Information
  +- Generating compact Herding Test/Trial PDF
  +- Saved record as akc:WP59108802
  +- Removing processed Dog of Interest from MyAKC
  +- Queueing 2 parent record(s) for generation 26

Knight's Careless Fraulein
------------------------------------------------------------------------
Generation 25
  +- Searching AKC by name
  +- Trying AKC name candidate: Knight's Careless Fraulein
  +- Resolved AKC identity: Knight's Careless Fraulein (WP56369103)
  +- Reading MyAKC Dog Information
  +- Generating compact Herding Test/Trial PDF
  +- Saved record as akc:WP56369103
  +- Removing processed Dog of Interest from MyAKC
  +- Queueing 2 parent record(s) for generation 26

Kimbertal's Stealth Kincaid
------------------------------------------------------------------------
Generation 25
  +- Searching AKC by name
  +- Trying AKC name candidate: Kimbertal's Stealth Kincaid
  +- Resolved AKC identity: Kimbertal's Stealth Kincaid (WP78351706)
  +- Reading MyAKC Dog Information
  +- Generating compact Herding Test/Trial PDF
  +- Saved record as akc:WP78351706
  +- Removing processed Dog of Interest from MyAKC
  +- Queueing 2 parent record(s) for generation 26

Kimbertals Spring Moon
------------------------------------------------------------------------
Generation 25
  +- Searching AKC by name
  +- Trying AKC name candidate: Kimbertals Spring Moon
  +- Resolved AKC identity: Kimbertals Spring Moon (WP46165007)
  +- Reading MyAKC Dog Information
  +- Generating compact Herding Test/Trial PDF
  +- Saved record as akc:WP46165007
  +- Removing processed Dog of Interest from MyAKC
  +- Queueing 2 parent record(s) for generation 26

Kimbertal's Chocolate Moose
------------------------------------------------------------------------
Generation 25
  +- Searching AKC by name
  +- Trying AKC name candidate: Kimbertal's Chocolate Moose
  +- Resolved AKC identity: Kimbertal's Chocolate Moose (WF440403)
  +- Reading MyAKC Dog Information
  +- Generating compact Herding Test/Trial PDF
  +- Saved record as akc:WF440403
  +- Removing processed Dog of Interest from MyAKC
  +- Queueing 2 parent record(s) for generation 26

Shayna Dew
------------------------------------------------------------------------
Generation 25
  +- Searching AKC by name
  +- Trying AKC name candidate: Shayna Dew
  +- Resolved AKC identity: Shayna Dew (WG159040)
  +- Reading MyAKC Dog Information
  +- Generating compact Herding Test/Trial PDF
  +- Saved record as akc:WG159040
  +- Removing processed Dog of Interest from MyAKC
  +- Queueing 2 parent record(s) for generation 26

Ritter Kuno v Hessen
------------------------------------------------------------------------
Generation 25
  +- Searching AKC by name
  +- Trying AKC name candidate: Ritter Kuno v Hessen
  +- AKC name lookup: not_found
  +- Checking DobeQuest identity index
    +- DobeQuest-only profile 33909; skipping AKC PDF

Minka v Linderhof
------------------------------------------------------------------------
Generation 25
  +- Searching AKC by name
  +- Trying AKC name candidate: Minka v Linderhof
  +- AKC name lookup: not_found
  +- Checking DobeQuest identity index
    +- DobeQuest-only profile 47182; skipping AKC PDF

Dobber v Bergerhof
------------------------------------------------------------------------
Generation 25
  +- Searching AKC by name
  +- Trying AKC name candidate: Dobber v Bergerhof
  +- AKC name lookup: not_found
  +- Checking DobeQuest identity index
    +- DobeQuest-only profile 17277; skipping AKC PDF

Sighardt v Thueringen
------------------------------------------------------------------------
Generation 25
  +- Searching AKC by name
  +- Trying AKC name candidate: Sighardt v Thueringen
  +- AKC name lookup: not_found
  +- Checking DobeQuest identity index
    +- DobeQuest-only profile 53569; skipping AKC PDF

Alricke v Thueringen
------------------------------------------------------------------------
Generation 25
  +- Searching AKC by name
  +- Trying AKC name candidate: Alricke v Thueringen
  +- AKC name lookup: not_found
  +- Checking DobeQuest identity index
    +- DobeQuest-only profile 15207; skipping AKC PDF

Rudelsburg
------------------------------------------------------------------------
Generation 25
  +- Searching AKC by name
  +- Trying AKC name candidate: Rudelsburg
  +- AKC name lookup: not_found
  +- Checking DobeQuest identity index
    +- DobeQuest-only profile 15288; skipping AKC PDF

Cleopatra vd Henneburg
------------------------------------------------------------------------
Generation 25
  +- Searching AKC by name
  +- Trying AKC name candidate: Cleopatra vd Henneburg
  +- AKC name lookup: not_found
  +- Checking DobeQuest identity index
    +- DobeQuest-only profile 47140; skipping AKC PDF

Angola v Kurhessen
------------------------------------------------------------------------
Generation 25
  +- Searching AKC by name
  +- Trying AKC name candidate: Angola v Kurhessen
  +- AKC name lookup: not_found
  +- Checking DobeQuest identity index
    +- DobeQuest match 10605 → AKC WA285386
    +- Trying AKC number lookup: WA285386
    +- DobeQuest-only profile 10605; skipping AKC PDF

Ch Trollhahn v Sigalhof
------------------------------------------------------------------------
Generation 25
  +- Searching AKC by name
  +- Trying AKC name candidate: Ch Trollhahn v Sigalhof
  +- Trying AKC name candidate: Trollhahn v Sigalhof
  +- AKC name lookup: not_found
  +- Checking DobeQuest identity index
    +- DobeQuest match 33966 → AKC A33077
    +- Trying AKC number lookup: A33077
    +- DobeQuest-only profile 33966; skipping AKC PDF

Dawna v Sigalhof
------------------------------------------------------------------------
Generation 25
  +- Searching AKC by name
  +- Trying AKC name candidate: Dawna v Sigalhof
  +- AKC name lookup: not_found
  +- Checking DobeQuest identity index
    +- DobeQuest match 33889 → AKC A033976
    +- Trying AKC number lookup: A033976
    +- DobeQuest-only profile 33889; skipping AKC PDF

Edel v Maintor
------------------------------------------------------------------------
Generation 25
  +- Searching AKC by name
  +- Trying AKC name candidate: Edel v Maintor
  +- AKC name lookup: not_found
  +- Checking DobeQuest identity index
    +- DobeQuest-only profile 68240; skipping AKC PDF

Alona v Neu Ixenburg
------------------------------------------------------------------------
Generation 25
  +- Searching AKC by name
  +- Trying AKC name candidate: Alona v Neu Ixenburg
  +- AKC name lookup: not_found
  +- Checking DobeQuest identity index
    +- DobeQuest-only profile 68241; skipping AKC PDF

Oskar v Burgund
------------------------------------------------------------------------
Generation 25
  +- Searching AKC by name
  +- Trying AKC name candidate: Oskar v Burgund
  +- AKC name lookup: not_found
  +- Checking DobeQuest identity index
    +- DobeQuest-only profile 68242; skipping AKC PDF

Adina v Kleinhelmsdorf
------------------------------------------------------------------------
Generation 25
  +- Searching AKC by name
  +- Trying AKC name candidate: Adina v Kleinhelmsdorf
  +- AKC name lookup: not_found
  +- Checking DobeQuest identity index
    +- DobeQuest-only profile 68243; skipping AKC PDF

Burschel v Coeln
------------------------------------------------------------------------
Generation 25
  +- Searching AKC by name
  +- Trying AKC name candidate: Burschel v Coeln
  +- AKC name lookup: not_found
  +- Checking DobeQuest identity index
    +- DobeQuest-only profile 11191; skipping AKC PDF

Can Ch Dora v Eckardtsburg
------------------------------------------------------------------------
Generation 25
  +- Searching AKC by name
  +- Trying AKC name candidate: Can Ch Dora v Eckardtsburg
  +- AKC name lookup: not_found
  +- Checking DobeQuest identity index
    +- DobeQuest-only profile 11792; skipping AKC PDF

Hannan's Frauline
------------------------------------------------------------------------
Generation 25
+- Reusing local PDF by normalized name: AHN999_100354999689WA43583019092026010024611.pdf
+- Using existing checkpoint (resolved_from_pdf_cache)

Rappo v Barlinge
------------------------------------------------------------------------
Generation 25
  +- Searching AKC by name
  +- Trying AKC name candidate: Rappo v Barlinge
  +- AKC name lookup: not_found
  +- Checking DobeQuest identity index
    +- DobeQuest-only profile 18564; skipping AKC PDF

Asta v Hannover
------------------------------------------------------------------------
Generation 25
  +- Searching AKC by name
  +- Trying AKC name candidate: Asta v Hannover
  +- AKC name lookup: not_found
  +- Checking DobeQuest identity index
    +- DobeQuest-only profile 18565; skipping AKC PDF

Toppo v Sigalsburg
------------------------------------------------------------------------
Generation 25
  +- Searching AKC by name
  +- Trying AKC name candidate: Toppo v Sigalsburg
  +- AKC name lookup: not_found
  +- Checking DobeQuest identity index
    +- DobeQuest match 18573 → AKC 670191
    +- Trying AKC number lookup: 670191
    +- DobeQuest-only profile 18573; skipping AKC PDF

Ch Lady Anna v Seigrist
------------------------------------------------------------------------
Generation 25
  +- Searching AKC by name
  +- Trying AKC name candidate: Ch Lady Anna v Seigrist
  +- Trying AKC name candidate: Lady Anna v Seigrist
  +- AKC name lookup: not_found
  +- Checking DobeQuest identity index
    +- DobeQuest match 18574 → AKC 697559
    +- Trying AKC number lookup: 697559
  +- Resolved AKC identity: Sonny Deweber (697559)
  +- Reading MyAKC Dog Information
  +- DobeQuest AKC mismatch: MyAKC returned Sonny Deweber (Miniature Schnauzer)

Prins Quitt vd Koningstad
------------------------------------------------------------------------
Generation 25
  +- Searching AKC by name
  +- Trying AKC name candidate: Prins Quitt vd Koningstad
  +- AKC name lookup: not_found
  +- Checking DobeQuest identity index
    +- DobeQuest-only profile 13983; skipping AKC PDF

Prinsessin Patricia vd Koningstad
------------------------------------------------------------------------
Generation 25
  +- Searching AKC by name
  +- Trying AKC name candidate: Prinsessin Patricia vd Koningstad
  +- AKC name lookup: not_found
  +- Checking DobeQuest identity index
    +- DobeQuest-only profile 13978; skipping AKC PDF

Queen Dutch
------------------------------------------------------------------------
Generation 25
  +- Searching AKC by name
  +- Trying AKC name candidate: Queen Dutch
  +- AKC name lookup: ambiguous
  +- Checking DobeQuest identity index
    +- DobeQuest match 18780 → AKC 605234
    +- Trying AKC number lookup: 605234
  +- Resolved AKC identity: Moores Little Patch (605234)
  +- Reading MyAKC Dog Information
  +- DobeQuest AKC mismatch: MyAKC returned Moores Little Patch (American English Coonhound)

Brutus Von Brandenburg
------------------------------------------------------------------------
Generation 25
+- Reusing local PDF by normalized name: AHN999_100354999689WA74872219092026053655402.pdf
+- Using existing checkpoint (resolved_from_pdf_cache)

Lucky Princess Lady Bird
------------------------------------------------------------------------
Generation 25
+- Reusing local PDF by normalized name: AHN999_100354999689WA77133122092026123922452.pdf
+- Using existing checkpoint (resolved_from_pdf_cache)

Midnight Of Texas
------------------------------------------------------------------------
Generation 25
+- Reusing local PDF by normalized name: AHN999_100354999689WA59090719092026075122481.pdf
+- Using existing checkpoint (resolved_from_pdf_cache)

Lady Kathrine
------------------------------------------------------------------------
Generation 25
+- Reusing local PDF by normalized name: AHN999_100354999689WA98865219092026075133221.pdf
+- Using existing checkpoint (resolved_from_pdf_cache)

Caesar's Imperial Commander
------------------------------------------------------------------------
Generation 25
+- Reusing local PDF by normalized name: AHN999_100354999689WB34811522092026124024891.pdf
+- Using existing checkpoint (resolved_from_pdf_cache)
  +- Queueing 2 parent record(s) for generation 26

Duchess Of Tanglewood
------------------------------------------------------------------------
Generation 25
+- Reusing local PDF by normalized name: AHN999_100354999689WB6251572209202612412766.pdf
+- Using existing checkpoint (resolved_from_pdf_cache)
  +- Queueing 2 parent record(s) for generation 26

Baron Von Heinrick
------------------------------------------------------------------------
Generation 25
+- Reusing local PDF by normalized name: AHN999_100354999689WA76105522092026124227376.pdf
+- Using existing checkpoint (resolved_from_pdf_cache)

Princess Katrina
------------------------------------------------------------------------
Generation 25
+- Reusing local PDF by normalized name: AHN999_100354999689WC36278122092026124328800.pdf
+- Using existing checkpoint (resolved_from_pdf_cache)
  +- Queueing 2 parent record(s) for generation 26

Count Manfred Von Boden
------------------------------------------------------------------------
Generation 25
+- Reusing local PDF by normalized name: AHN999_100354999689WB64042822092026124430755.pdf
+- Using existing checkpoint (resolved_from_pdf_cache)
  +- Queueing 2 parent record(s) for generation 26

Madam Sassy Frass
------------------------------------------------------------------------
Generation 25
+- Reusing local PDF by normalized name: AHN999_100354999689WC09944222092026124526244.pdf
+- Using existing checkpoint (resolved_from_pdf_cache)
  +- Queueing 2 parent record(s) for generation 26

Frohgunde v Residenz
------------------------------------------------------------------------
Generation 25
  +- Searching AKC by name
  +- Trying AKC name candidate: Frohgunde v Residenz
  +- AKC name lookup: not_found
  +- Checking DobeQuest identity index
    +- DobeQuest-only profile 48243; skipping AKC PDF

Elfe v Voelkerruhe
------------------------------------------------------------------------
Generation 25
  +- Searching AKC by name
  +- Trying AKC name candidate: Elfe v Voelkerruhe
  +- AKC name lookup: not_found
  +- Checking DobeQuest identity index
    +- DobeQuest-only profile 11936; skipping AKC PDF

Ch Hahn's Troll of Lawnwood
------------------------------------------------------------------------
Generation 25
  +- Searching AKC by name
  +- Trying AKC name candidate: Ch Hahn's Troll of Lawnwood
  +- Trying AKC name candidate: Hahn's Troll of Lawnwood
  +- AKC name lookup: not_found
  +- Checking DobeQuest identity index
    +- DobeQuest match 47184 → AKC AKC808826
    +- Trying AKC number lookup: AKC808826
    +- DobeQuest-only profile 47184; skipping AKC PDF

Rio Rita v Zingsheim
------------------------------------------------------------------------
Generation 25
  +- Searching AKC by name
  +- Trying AKC name candidate: Rio Rita v Zingsheim
  +- AKC name lookup: not_found
  +- Checking DobeQuest identity index
    +- DobeQuest match 47185 → AKC 835527
    +- Trying AKC number lookup: 835527
    +- DobeQuest-only profile 47185; skipping AKC PDF

Gerhard v Parthengrund
------------------------------------------------------------------------
Generation 25
  +- Searching AKC by name
  +- Trying AKC name candidate: Gerhard v Parthengrund
  +- AKC name lookup: not_found
  +- Checking DobeQuest identity index
    +- DobeQuest-only profile 12238; skipping AKC PDF

Don's Sable Knight
------------------------------------------------------------------------
Generation 25
+- Reusing local PDF by normalized name: AHN999_100354999689WA47585019092026073149467.pdf
+- Using existing checkpoint (resolved_from_pdf_cache)
  +- Queueing 2 parent record(s) for generation 26

Westcom's Color Me The Rainbow
------------------------------------------------------------------------
Generation 25
+- Reusing local PDF by normalized name: AHN999_100354999689WA62629319092026073200623.pdf
+- Using existing checkpoint (resolved_from_pdf_cache)

Roland v Gersbach
------------------------------------------------------------------------
Generation 26
  +- Searching AKC by name
  +- Trying AKC name candidate: Roland v Gersbach
  +- AKC name lookup: not_found
  +- Checking DobeQuest identity index
    +- DobeQuest-only profile 47151; skipping AKC PDF

Dinorah v Hornegg
------------------------------------------------------------------------
Generation 26
  +- Searching AKC by name
  +- Trying AKC name candidate: Dinorah v Hornegg
  +- AKC name lookup: not_found
  +- Checking DobeQuest identity index
    +- DobeQuest-only profile 47152; skipping AKC PDF

Wuotan v Thueringen LC-11D
------------------------------------------------------------------------
Generation 26
  +- Searching AKC by name
  +- Trying AKC name candidate: Wuotan v Thueringen LC-11D
  +- AKC name lookup: not_found
  +- Checking DobeQuest identity index
    +- DobeQuest-only profile 17371; skipping AKC PDF

Beatrix Leuthold v Nibelungenhort
------------------------------------------------------------------------
Generation 26
  +- Searching AKC by name
  +- Trying AKC name candidate: Beatrix Leuthold v Nibelungenhort
  +- AKC name lookup: not_found
  +- Checking DobeQuest identity index
    +- DobeQuest-only profile 47154; skipping AKC PDF

Sheila v Blitzen
------------------------------------------------------------------------
Generation 26
  +- Searching AKC by name
  +- Trying AKC name candidate: Sheila v Blitzen
  +- AKC name lookup: not_found
  +- Checking DobeQuest identity index
    +- DobeQuest match 14326 → AKC 843330
    +- Trying AKC number lookup: 843330
    +- DobeQuest-only profile 14326; skipping AKC PDF

Ch Adonis of Pontchartrain
------------------------------------------------------------------------
Generation 26
  +- Searching AKC by name
  +- Trying AKC name candidate: Ch Adonis of Pontchartrain
  +- Trying AKC name candidate: Adonis of Pontchartrain
  +- AKC name lookup: not_found
  +- Checking DobeQuest identity index
    +- DobeQuest match 10448 → AKC 710287
    +- Trying AKC number lookup: 710287
    +- DobeQuest-only profile 10448; skipping AKC PDF

Lady Asta v Hatzenburg
------------------------------------------------------------------------
Generation 26
  +- Searching AKC by name
  +- Trying AKC name candidate: Lady Asta v Hatzenburg
  +- AKC name lookup: not_found
  +- Checking DobeQuest identity index
    +- DobeQuest match 48348 → AKC 890787
    +- Trying AKC number lookup: 890787
    +- DobeQuest-only profile 48348; skipping AKC PDF

Ch Graf v Blankenburg
------------------------------------------------------------------------
Generation 26
  +- Searching AKC by name
  +- Trying AKC name candidate: Ch Graf v Blankenburg
  +- Trying AKC name candidate: Graf v Blankenburg
  +- AKC name lookup: not_found
  +- Checking DobeQuest identity index
    +- DobeQuest match 51169 → AKC 629406
    +- Trying AKC number lookup: 629406
    +- DobeQuest-only profile 51169; skipping AKC PDF

Ch Altara v Riga
------------------------------------------------------------------------
Generation 26
  +- Searching AKC by name
  +- Trying AKC name candidate: Ch Altara v Riga
  +- Trying AKC name candidate: Altara v Riga
  +- AKC name lookup: not_found
  +- Checking DobeQuest identity index
    +- DobeQuest match 10566 → AKC 699653
    +- Trying AKC number lookup: 699653
    +- DobeQuest-only profile 10566; skipping AKC PDF

Lux vd Elbau
------------------------------------------------------------------------
Generation 26
  +- Searching AKC by name
  +- Trying AKC name candidate: Lux vd Elbau
  +- AKC name lookup: not_found
  +- Checking DobeQuest identity index
    +- DobeQuest-only profile 48221; skipping AKC PDF

Cora v Sigalsburg
------------------------------------------------------------------------
Generation 26
  +- Searching AKC by name
  +- Trying AKC name candidate: Cora v Sigalsburg
  +- AKC name lookup: not_found
  +- Checking DobeQuest identity index
    +- DobeQuest-only profile 17509; skipping AKC PDF

Martha v Marthastein
------------------------------------------------------------------------
Generation 26
  +- Searching AKC by name
  +- Trying AKC name candidate: Martha v Marthastein
  +- AKC name lookup: not_found
  +- Checking DobeQuest identity index
    +- DobeQuest-only profile 17367; skipping AKC PDF

Ch Prinz Favorit v Koningstad
------------------------------------------------------------------------
Generation 26
  +- Searching AKC by name
  +- Trying AKC name candidate: Ch Prinz Favorit v Koningstad
  +- Trying AKC name candidate: Prinz Favorit v Koningstad
  +- AKC name lookup: not_found
  +- Checking DobeQuest identity index
    +- DobeQuest match 9523 → AKC 420325
    +- Trying AKC number lookup: 420325
  +- Resolved AKC identity: Copes Colewa Bandit Bobbie (420325)
  +- Reading MyAKC Dog Information
  +- DobeQuest AKC mismatch: MyAKC returned Copes Colewa Bandit Bobbie (Bluetick Coonhound)

Cordula v Hunnenheide
------------------------------------------------------------------------
Generation 26
  +- Searching AKC by name
  +- Trying AKC name candidate: Cordula v Hunnenheide
  +- AKC name lookup: not_found
  +- Checking DobeQuest identity index
    +- DobeQuest match 18571 → AKC 558647
    +- Trying AKC number lookup: 558647
    +- DobeQuest-only profile 18571; skipping AKC PDF

Trail 'Em Horstburg
------------------------------------------------------------------------
Generation 26
  +- Searching AKC by name
  +- Trying AKC name candidate: Trail 'Em Horstburg
  +- AKC name lookup: not_found
  +- Checking DobeQuest identity index
    +- DobeQuest match 33824 → AKC 545469
    +- Trying AKC number lookup: 545469
  +- Resolved AKC identity: Gold-Sierra Fulda (545469)
  +- Reading MyAKC Dog Information
  +- DobeQuest AKC mismatch: MyAKC returned Gold-Sierra Fulda (French Bulldog)

Fanny v Tauroggen
------------------------------------------------------------------------
Generation 26
  +- Searching AKC by name
  +- Trying AKC name candidate: Fanny v Tauroggen
  +- AKC name lookup: not_found
  +- Checking DobeQuest identity index
    +- DobeQuest-only profile 33992; skipping AKC PDF

Ch Burschel v Falkensee
------------------------------------------------------------------------
Generation 26
  +- Searching AKC by name
  +- Trying AKC name candidate: Ch Burschel v Falkensee
  +- Trying AKC name candidate: Burschel v Falkensee
  +- AKC name lookup: not_found
  +- Checking DobeQuest identity index
    +- DobeQuest match 17502 → AKC 553217
    +- Trying AKC number lookup: 553217
  +- Resolved AKC identity: Ingolf Vom Hege-Haus (553217)
  +- Reading MyAKC Dog Information
  +- DobeQuest AKC mismatch: MyAKC returned Ingolf Vom Hege-Haus (Pointer (German Shorthaired))

Ch Midi of Silvergate
------------------------------------------------------------------------
Generation 26
  +- Searching AKC by name
  +- Trying AKC name candidate: Ch Midi of Silvergate
  +- Trying AKC name candidate: Midi of Silvergate
  +- AKC name lookup: not_found
  +- Checking DobeQuest identity index
    +- DobeQuest match 32950 → AKC AKC803453
    +- Trying AKC number lookup: AKC803453
    +- DobeQuest-only profile 32950; skipping AKC PDF

Gretchen v Tagen
------------------------------------------------------------------------
Generation 26
  +- Searching AKC by name
  +- Trying AKC name candidate: Gretchen v Tagen
  +- AKC name lookup: not_found
  +- Checking DobeQuest identity index
    +- DobeQuest match 33295 → AKC 887736
    +- Trying AKC number lookup: 887736
    +- DobeQuest-only profile 33295; skipping AKC PDF

Am & Can, Ch & Sgr  Modern v Simmenau
------------------------------------------------------------------------
Generation 26
  +- Searching AKC by name
  +- Trying AKC name candidate: Am & Can, Ch & Sgr  Modern v Simmenau
  +- Trying AKC name candidate: Am & Can, Ch & Sgr Modern v Simmenau
  +- AKC name lookup: not_found
  +- Checking DobeQuest identity index
    +- DobeQuest match 13752 → AKC 768281
    +- Trying AKC number lookup: 768281
    +- DobeQuest-only profile 13752; skipping AKC PDF

Ch Alli of Rhinegold
------------------------------------------------------------------------
Generation 26
  +- Searching AKC by name
  +- Trying AKC name candidate: Ch Alli of Rhinegold
  +- Trying AKC name candidate: Alli of Rhinegold
  +- AKC name lookup: not_found
  +- Checking DobeQuest identity index
    +- DobeQuest match 10542 → AKC 560310
    +- Trying AKC number lookup: 560310
  +- Resolved AKC identity: Prince Of Troy (560310)
  +- Reading MyAKC Dog Information
  +- DobeQuest AKC mismatch: MyAKC returned Prince Of Troy (Cavalier King Charles Spaniel)

Gutha v Homburg
------------------------------------------------------------------------
Generation 26
  +- Searching AKC by name
  +- Trying AKC name candidate: Gutha v Homburg
  +- AKC name lookup: not_found
  +- Checking DobeQuest identity index
    +- DobeQuest match 12336 → AKC 917139
    +- Trying AKC number lookup: 917139
    +- DobeQuest-only profile 12336; skipping AKC PDF

Asta v Burgholz II
------------------------------------------------------------------------
Generation 26
  +- Searching AKC by name
  +- Trying AKC name candidate: Asta v Burgholz II
  +- Trying AKC name candidate: Asta v Burgholz
  +- AKC name lookup: not_found
  +- Checking DobeQuest identity index
    +- DobeQuest-only profile 49676; skipping AKC PDF

Ch Karl vd Blankenburg
------------------------------------------------------------------------
Generation 26
  +- Searching AKC by name
  +- Trying AKC name candidate: Ch Karl vd Blankenburg
  +- Trying AKC name candidate: Karl vd Blankenburg
  +- AKC name lookup: not_found
  +- Checking DobeQuest identity index
    +- DobeQuest match 12780 → AKC 722359
    +- Trying AKC number lookup: 722359
  +- Resolved AKC identity: Elm Lawn Classy (722359)
  +- Reading MyAKC Dog Information
  +- DobeQuest AKC mismatch: MyAKC returned Elm Lawn Classy (Keeshond)

Lady of Schroth Valley
------------------------------------------------------------------------
Generation 26
  +- Searching AKC by name
  +- Trying AKC name candidate: Lady of Schroth Valley
  +- AKC name lookup: not_found
  +- Checking DobeQuest identity index
    +- DobeQuest match 12975 → AKC 842299
    +- Trying AKC number lookup: 842299
    +- DobeQuest-only profile 12975; skipping AKC PDF

Senta v Elsass Westfalia
------------------------------------------------------------------------
Generation 26
  +- Searching AKC by name
  +- Trying AKC name candidate: Senta v Elsass Westfalia
  +- AKC name lookup: not_found
  +- Checking DobeQuest identity index
    +- DobeQuest-only profile 48253; skipping AKC PDF

Loni v Wendenburg
------------------------------------------------------------------------
Generation 26
  +- Searching AKC by name
  +- Trying AKC name candidate: Loni v Wendenburg
  +- AKC name lookup: not_found
  +- Checking DobeQuest identity index
    +- DobeQuest-only profile 13065; skipping AKC PDF

Borste v Falkenhain
------------------------------------------------------------------------
Generation 26
  +- Searching AKC by name
  +- Trying AKC name candidate: Borste v Falkenhain
  +- AKC name lookup: not_found
  +- Checking DobeQuest identity index
    +- DobeQuest-only profile 11079; skipping AKC PDF

Lux v Ostersee
------------------------------------------------------------------------
Generation 26
  +- Searching AKC by name
  +- Trying AKC name candidate: Lux v Ostersee
  +- AKC name lookup: not_found
  +- Checking DobeQuest identity index
    +- DobeQuest-only profile 56558; skipping AKC PDF

Grete v Duessetal
------------------------------------------------------------------------
Generation 26
  +- Searching AKC by name
  +- Trying AKC name candidate: Grete v Duessetal
  +- AKC name lookup: not_found
  +- Checking DobeQuest identity index
    +- DobeQuest-only profile 12321; skipping AKC PDF

Lord v Schirbach
------------------------------------------------------------------------
Generation 26
  +- Searching AKC by name
  +- Trying AKC name candidate: Lord v Schirbach
  +- AKC name lookup: not_found
  +- Checking DobeQuest identity index
    +- DobeQuest-only profile 13069; skipping AKC PDF

Hexe v Gerresheim
------------------------------------------------------------------------
Generation 26
  +- Searching AKC by name
  +- Trying AKC name candidate: Hexe v Gerresheim
  +- AKC name lookup: not_found
  +- Checking DobeQuest identity index
    +- DobeQuest-only profile 12484; skipping AKC PDF

Prinz Leuthold v Hornegg
------------------------------------------------------------------------
Generation 26
  +- Searching AKC by name
  +- Trying AKC name candidate: Prinz Leuthold v Hornegg
  +- AKC name lookup: not_found
  +- Checking DobeQuest identity index
    +- DobeQuest-only profile 53616; skipping AKC PDF

Bella v Dambachtal
------------------------------------------------------------------------
Generation 26
  +- Searching AKC by name
  +- Trying AKC name candidate: Bella v Dambachtal
  +- AKC name lookup: not_found
  +- Checking DobeQuest identity index
    +- DobeQuest-only profile 10898; skipping AKC PDF

Moritz v Schweitzerhof
------------------------------------------------------------------------
Generation 26
  +- Searching AKC by name
  +- Trying AKC name candidate: Moritz v Schweitzerhof
  +- AKC name lookup: not_found
  +- Checking DobeQuest identity index
    +- DobeQuest-only profile 48351; skipping AKC PDF

Minka Rolfes
------------------------------------------------------------------------
Generation 26
  +- Searching AKC by name
  +- Trying AKC name candidate: Minka Rolfes
  +- AKC name lookup: not_found
  +- Checking DobeQuest identity index
    +- DobeQuest-only profile 48352; skipping AKC PDF

Lux v Wurrtemburg
------------------------------------------------------------------------
Generation 26
  +- Searching AKC by name
  +- Trying AKC name candidate: Lux v Wurrtemburg
  +- AKC name lookup: not_found
  +- Checking DobeQuest identity index
    +- DobeQuest-only profile 48888; skipping AKC PDF

Wanda
------------------------------------------------------------------------
Generation 26
+- Reusing local PDF by normalized name: AHN999_100354999689WD34534119092026010427267.pdf
+- Using existing checkpoint (resolved_from_pdf_cache)
  +- Queueing 1 parent record(s) for generation 27

Lass vd Kluss
------------------------------------------------------------------------
Generation 26
  +- Searching AKC by name
  +- Trying AKC name candidate: Lass vd Kluss
  +- AKC name lookup: not_found
  +- Checking DobeQuest identity index
    +- DobeQuest-only profile 48890; skipping AKC PDF

Freya v Braunfels
------------------------------------------------------------------------
Generation 26
  +- Searching AKC by name
  +- Trying AKC name candidate: Freya v Braunfels
  +- AKC name lookup: not_found
  +- Checking DobeQuest identity index
    +- DobeQuest-only profile 48891; skipping AKC PDF

Cerano vd Diana Quelle
------------------------------------------------------------------------
Generation 26
  +- Searching AKC by name
  +- Trying AKC name candidate: Cerano vd Diana Quelle
  +- AKC name lookup: not_found
  +- Checking DobeQuest identity index
    +- DobeQuest-only profile 47176; skipping AKC PDF

Rosel vd Römerschanz
------------------------------------------------------------------------
Generation 26
  +- Searching AKC by name
  +- Trying AKC name candidate: Rosel vd Römerschanz
  +- AKC name lookup: not_found
  +- Checking DobeQuest identity index
    +- DobeQuest-only profile 47177; skipping AKC PDF

Cosima v Jaegerhof
------------------------------------------------------------------------
Generation 26
  +- Searching AKC by name
  +- Trying AKC name candidate: Cosima v Jaegerhof
  +- AKC name lookup: not_found
  +- Checking DobeQuest identity index
    +- DobeQuest-only profile 11440; skipping AKC PDF

Kurt v Eicken
------------------------------------------------------------------------
Generation 26
  +- Searching AKC by name
  +- Trying AKC name candidate: Kurt v Eicken
  +- AKC name lookup: not_found
  +- Checking DobeQuest identity index
    +- DobeQuest-only profile 48829; skipping AKC PDF

Wanda v Hohenstaufen
------------------------------------------------------------------------
Generation 26
  +- Searching AKC by name
  +- Trying AKC name candidate: Wanda v Hohenstaufen
  +- AKC name lookup: not_found
  +- Checking DobeQuest identity index
    +- DobeQuest-only profile 48830; skipping AKC PDF

Grete Rink
------------------------------------------------------------------------
Generation 26
  +- Searching AKC by name
  +- Trying AKC name candidate: Grete Rink
  +- AKC name lookup: not_found
  +- Checking DobeQuest identity index
    +- DobeQuest-only profile 12320; skipping AKC PDF

Bodo v Ostersee
------------------------------------------------------------------------
Generation 26
  +- Searching AKC by name
  +- Trying AKC name candidate: Bodo v Ostersee
  +- AKC name lookup: not_found
  +- Checking DobeQuest identity index
    +- DobeQuest-only profile 28264; skipping AKC PDF

Kaiser Von Potage
------------------------------------------------------------------------
Generation 26
+- Reusing local PDF by normalized name: AHN999_100354999689WE1140991909202601045534.pdf
+- Using existing checkpoint (resolved_from_pdf_cache)
  +- Queueing 2 parent record(s) for generation 27

Keisy
------------------------------------------------------------------------
Generation 26
+- Reusing local PDF by normalized name: AHN999_100354999689WE39638919092026010504355.pdf
+- Using existing checkpoint (resolved_from_pdf_cache)
  +- Queueing 2 parent record(s) for generation 27

Ruska v Coeln
------------------------------------------------------------------------
Generation 26
  +- Searching AKC by name
  +- Trying AKC name candidate: Ruska v Coeln
  +- AKC name lookup: not_found
  +- Checking DobeQuest identity index
    +- DobeQuest-only profile 14223; skipping AKC PDF

Jenny v Domhof
------------------------------------------------------------------------
Generation 26
  +- Searching AKC by name
  +- Trying AKC name candidate: Jenny v Domhof
  +- AKC name lookup: not_found
  +- Checking DobeQuest identity index
    +- DobeQuest-only profile 22940; skipping AKC PDF

Bertel Doberman
------------------------------------------------------------------------
Generation 26
  +- Searching AKC by name
  +- Trying AKC name candidate: Bertel Doberman
  +- AKC name lookup: not_found
  +- Checking DobeQuest identity index
    +- DobeQuest match 49346 → AKC 128448
    +- Trying AKC number lookup: 128448
    +- DobeQuest-only profile 49346; skipping AKC PDF

Gundula v Rosenplatz
------------------------------------------------------------------------
Generation 26
  +- Searching AKC by name
  +- Trying AKC name candidate: Gundula v Rosenplatz
  +- AKC name lookup: not_found
  +- Checking DobeQuest identity index
    +- DobeQuest match 15130 → AKC 137132
    +- Trying AKC number lookup: 137132
    +- DobeQuest-only profile 15130; skipping AKC PDF

Claudius v Thueringen
------------------------------------------------------------------------
Generation 26
  +- Searching AKC by name
  +- Trying AKC name candidate: Claudius v Thueringen
  +- AKC name lookup: not_found
  +- Checking DobeQuest identity index
    +- DobeQuest match 15262 → AKC 127475
    +- Trying AKC number lookup: 127475
    +- DobeQuest-only profile 15262; skipping AKC PDF

Ch Lucie Doberman
------------------------------------------------------------------------
Generation 26
  +- Searching AKC by name
  +- Trying AKC name candidate: Ch Lucie Doberman
  +- Trying AKC name candidate: Lucie Doberman
  +- AKC name lookup: not_found
  +- Checking DobeQuest identity index
    +- DobeQuest match 27126 → AKC 159404
    +- Trying AKC number lookup: 159404
    +- DobeQuest-only profile 27126; skipping AKC PDF

Lotte v Römertal
------------------------------------------------------------------------
Generation 26
  +- Searching AKC by name
  +- Trying AKC name candidate: Lotte v Römertal
  +- AKC name lookup: not_found
  +- Checking DobeQuest identity index
    +- DobeQuest-only profile 47141; skipping AKC PDF

Krone v Groenland
------------------------------------------------------------------------
Generation 26
  +- Searching AKC by name
  +- Trying AKC name candidate: Krone v Groenland
  +- AKC name lookup: not_found
  +- Checking DobeQuest identity index
    +- DobeQuest-only profile 12925; skipping AKC PDF

Jungfer Grete
------------------------------------------------------------------------
Generation 26
  +- Searching AKC by name
  +- Trying AKC name candidate: Jungfer Grete
  +- AKC name lookup: not_found
  +- Checking DobeQuest identity index
    +- DobeQuest-only profile 12747; skipping AKC PDF

Ch Suse v Thueringen
------------------------------------------------------------------------
Generation 26
  +- Searching AKC by name
  +- Trying AKC name candidate: Ch Suse v Thueringen
  +- Trying AKC name candidate: Suse v Thueringen
  +- AKC name lookup: not_found
  +- Checking DobeQuest identity index
    +- DobeQuest-only profile 14539; skipping AKC PDF

Bosco
------------------------------------------------------------------------
Generation 26
  +- Searching AKC by name
  +- Trying AKC name candidate: Bosco
  +- Resolved AKC identity: Bosco (ILP94732)
  +- Reading MyAKC Dog Information
  +- Reusing saved PDF: AHN999_100354999689ILP9473219092026010705831.pdf
  +- PDF identity mismatch: Bosco OAJ; rejecting AKC result
  +- Saved record as akc:ILP94732
  +- Removing processed Dog of Interest from MyAKC

Dingo
------------------------------------------------------------------------
Generation 26
+- Reusing local PDF by normalized name: AHN999_100354999689WS1549580119092026010848795.pdf
+- Using existing checkpoint (resolved_from_pdf_cache)
  +- Queueing 2 parent record(s) for generation 27

Troll v Groenland
------------------------------------------------------------------------
Generation 26
  +- Searching AKC by name
  +- Trying AKC name candidate: Troll v Groenland
  +- AKC name lookup: not_found
  +- Checking DobeQuest identity index
    +- DobeQuest-only profile 14771; skipping AKC PDF

Tilly II v Groenland
------------------------------------------------------------------------
Generation 26
  +- Searching AKC by name
  +- Trying AKC name candidate: Tilly II v Groenland
  +- AKC name lookup: not_found
  +- Checking DobeQuest identity index
    +- DobeQuest-only profile 14686; skipping AKC PDF

Hildegard v Thueringen
------------------------------------------------------------------------
Generation 26
  +- Searching AKC by name
  +- Trying AKC name candidate: Hildegard v Thueringen
  +- AKC name lookup: not_found
  +- Checking DobeQuest identity index
    +- DobeQuest-only profile 15185; skipping AKC PDF

Spiker Lee Black Knight
------------------------------------------------------------------------
Generation 26
+- Reusing local PDF by normalized name: AHN999_100354999689WP491288081909202601063093.pdf
+- Using existing checkpoint (resolved_from_pdf_cache)
  +- Queueing 2 parent record(s) for generation 27

December's Magic Rogers
------------------------------------------------------------------------
Generation 26
+- Reusing local PDF by normalized name: AHN999_100354999689WP4873060219092026010638731.pdf
+- Using existing checkpoint (resolved_from_pdf_cache)
  +- Queueing 2 parent record(s) for generation 27

Olfo Sanchez
------------------------------------------------------------------------
Generation 26
+- Reusing local PDF by normalized name: AHN999_100354999689WF76030719092026010647841.pdf
+- Using existing checkpoint (resolved_from_pdf_cache)
  +- Queueing 2 parent record(s) for generation 27

Dobby Tulina Ocasio
------------------------------------------------------------------------
Generation 26
+- Reusing local PDF by normalized name: AHN999_100354999689WF67567019092026010656500.pdf
+- Using existing checkpoint (resolved_from_pdf_cache)
  +- Queueing 2 parent record(s) for generation 27

Kishwaukee Big Mike CD
------------------------------------------------------------------------
Generation 26
  +- Searching AKC by name
  +- Trying AKC name candidate: Kishwaukee Big Mike CD
  +- Trying AKC name candidate: Kishwaukee Big Mike
  +- Resolved AKC identity: Kishwaukee Big Mike CD (WB515107)
  +- Reading MyAKC Dog Information
  +- Generating compact Herding Test/Trial PDF
  +- Saved record as akc:WB515107
  +- Removing processed Dog of Interest from MyAKC
  +- Queueing 1 parent record(s) for generation 27

Kortambra's Sophie Delight UD
------------------------------------------------------------------------
Generation 26
  +- Searching AKC by name
  +- Trying AKC name candidate: Kortambra's Sophie Delight UD
  +- Trying AKC name candidate: Kortambra's Sophie Delight
  +- Resolved AKC identity: Kortambra's Sophie Delight UD (WA787947)
  +- Reading MyAKC Dog Information
  +- Generating compact Herding Test/Trial PDF
  +- Saved record as akc:WA787947
  +- Removing processed Dog of Interest from MyAKC
  +- Queueing 1 parent record(s) for generation 27

Astarot De Montemar
------------------------------------------------------------------------
Generation 26
  +- Searching AKC by name
  +- Trying AKC name candidate: Astarot De Montemar
  +- Resolved AKC identity: Astarot De Montemar (WC674544)
  +- Reading MyAKC Dog Information
  +- Generating compact Herding Test/Trial PDF
  +- Saved record as akc:WC674544
  +- Removing processed Dog of Interest from MyAKC
  +- Queueing 1 parent record(s) for generation 27

Royal Brandy II
------------------------------------------------------------------------
Generation 26
  +- Searching AKC by name
  +- Trying AKC name candidate: Royal Brandy II
  +- Trying AKC name candidate: Royal Brandy
  +- Resolved AKC identity: Royal Brandy II (WC512735)
  +- Reading MyAKC Dog Information
  +- Generating compact Herding Test/Trial PDF
  +- Saved record as akc:WC512735
  +- Removing processed Dog of Interest from MyAKC
  +- Queueing 2 parent record(s) for generation 27

Caesi v Bosco
------------------------------------------------------------------------
Generation 26
  +- Searching AKC by name
  +- Trying AKC name candidate: Caesi v Bosco
  +- AKC name lookup: not_found
  +- Checking DobeQuest identity index
    +- DobeQuest-only profile 11202; skipping AKC PDF

Ace High VIII
------------------------------------------------------------------------
Generation 26
  +- Searching AKC by name
  +- Trying AKC name candidate: Ace High VIII
  +- Trying AKC name candidate: Ace High
  +- Resolved AKC identity: Ace High VIII (WE665916)
  +- Reading MyAKC Dog Information
  +- Generating compact Herding Test/Trial PDF
  +- Saved record as akc:WE665916
  +- Removing processed Dog of Interest from MyAKC
  +- Queueing 2 parent record(s) for generation 27

Mistis' Early Morning
------------------------------------------------------------------------
Generation 26
+- Reusing local PDF by normalized name: AHN999_100354999689WF20074819092026010729875.pdf
+- Using existing checkpoint (resolved_from_pdf_cache)
  +- Queueing 2 parent record(s) for generation 27

Rolf v Milde
------------------------------------------------------------------------
Generation 26
  +- Searching AKC by name
  +- Trying AKC name candidate: Rolf v Milde
  +- AKC name lookup: not_found
  +- Checking DobeQuest identity index
    +- DobeQuest match 60241 → AKC A126190
    +- Trying AKC number lookup: A126190
    +- DobeQuest-only profile 60241; skipping AKC PDF

Bella v Weiss
------------------------------------------------------------------------
Generation 26
  +- Searching AKC by name
  +- Trying AKC name candidate: Bella v Weiss
  +- AKC name lookup: not_found
  +- Checking DobeQuest identity index
    +- DobeQuest match 10902 → AKC A202085
    +- Trying AKC number lookup: A202085
    +- DobeQuest-only profile 10902; skipping AKC PDF

Ochsner's Prince Claus
------------------------------------------------------------------------
Generation 26
  +- Searching AKC by name
  +- Trying AKC name candidate: Ochsner's Prince Claus
  +- AKC name lookup: not_found
  +- Checking DobeQuest identity index
    +- DobeQuest match 53668 → AKC 992833
    +- Trying AKC number lookup: 992833
    +- DobeQuest-only profile 53668; skipping AKC PDF

Cissi v Weiss
------------------------------------------------------------------------
Generation 26
  +- Searching AKC by name
  +- Trying AKC name candidate: Cissi v Weiss
  +- AKC name lookup: not_found
  +- Checking DobeQuest identity index
    +- DobeQuest match 53669 → AKC A401817
    +- Trying AKC number lookup: A401817
    +- DobeQuest-only profile 53669; skipping AKC PDF

Duke v Mannheim
------------------------------------------------------------------------
Generation 26
  +- Searching AKC by name
  +- Trying AKC name candidate: Duke v Mannheim
  +- AKC name lookup: not_found
  +- Checking DobeQuest identity index
    +- DobeQuest match 53677 → AKC A697943
    +- Trying AKC number lookup: A697943
    +- DobeQuest-only profile 53677; skipping AKC PDF

Lady Esther v Spegal
------------------------------------------------------------------------
Generation 26
  +- Searching AKC by name
  +- Trying AKC name candidate: Lady Esther v Spegal
  +- AKC name lookup: not_found
  +- Checking DobeQuest identity index
    +- DobeQuest match 53678 → AKC A775968
    +- Trying AKC number lookup: A775968
    +- DobeQuest-only profile 53678; skipping AKC PDF

Renegades' Black Velvet
------------------------------------------------------------------------
Generation 26
  +- Searching AKC by name
  +- Trying AKC name candidate: Renegades' Black Velvet
  +- Resolved AKC identity: Renegades' Black Velvet (WE475172)
  +- Reading MyAKC Dog Information
  +- Generating compact Herding Test/Trial PDF
  +- Saved record as akc:WE475172
  +- Removing processed Dog of Interest from MyAKC
  +- Queueing 2 parent record(s) for generation 27

Kimberley Of Oak Ridge
------------------------------------------------------------------------
Generation 26
  +- Searching AKC by name
  +- Trying AKC name candidate: Kimberley Of Oak Ridge
  +- Resolved AKC identity: Kimberley Of Oak Ridge (WE953569)
  +- Reading MyAKC Dog Information
  +- Generating compact Herding Test/Trial PDF
  +- Saved record as akc:WE953569
  +- Removing processed Dog of Interest from MyAKC
  +- Queueing 2 parent record(s) for generation 27

Dillinger's Dare
------------------------------------------------------------------------
Generation 26
  +- Searching AKC by name
  +- Trying AKC name candidate: Dillinger's Dare
  +- Resolved AKC identity: Dillinger's Dare (WE542526)
  +- Reading MyAKC Dog Information
  +- Generating compact Herding Test/Trial PDF
  +- Saved record as akc:WE542526
  +- Removing processed Dog of Interest from MyAKC
  +- Queueing 2 parent record(s) for generation 27

Kimbertal's Angel
------------------------------------------------------------------------
Generation 26
  +- Searching AKC by name
  +- Trying AKC name candidate: Kimbertal's Angel
  +- Resolved AKC identity: Kimbertal's Angel (WF307931)
  +- Reading MyAKC Dog Information
  +- Generating compact Herding Test/Trial PDF
  +- Saved record as akc:WF307931
  +- Removing processed Dog of Interest from MyAKC
  +- Queueing 2 parent record(s) for generation 27

Jay Jays Dreamer
------------------------------------------------------------------------
Generation 26
  +- Searching AKC by name
  +- Trying AKC name candidate: Jay Jays Dreamer
  +- Resolved AKC identity: Jay Jays Dreamer (WE271892)
  +- Reading MyAKC Dog Information
  +- Generating compact Herding Test/Trial PDF
  +- Saved record as akc:WE271892
  +- Removing processed Dog of Interest from MyAKC
  +- Queueing 2 parent record(s) for generation 27

Ruby Ann III
------------------------------------------------------------------------
Generation 26
  +- Searching AKC by name
  +- Trying AKC name candidate: Ruby Ann III
  +- Trying AKC name candidate: Ruby Ann
  +- Resolved AKC identity: Ruby Ann III (WE388449)
  +- Reading MyAKC Dog Information
  +- Generating compact Herding Test/Trial PDF
  +- Saved record as akc:WE388449
  +- Removing processed Dog of Interest from MyAKC
  +- Queueing 2 parent record(s) for generation 27

Rockefeller Joseph
------------------------------------------------------------------------
Generation 26
  +- Searching AKC by name
  +- Trying AKC name candidate: Rockefeller Joseph
  +- Resolved AKC identity: Rockefeller Joseph (WE273938)
  +- Reading MyAKC Dog Information
  +- Generating compact Herding Test/Trial PDF
  +- Saved record as akc:WE273938
  +- Removing processed Dog of Interest from MyAKC
  +- Queueing 2 parent record(s) for generation 27

Sienna Demilo
------------------------------------------------------------------------
Generation 26
  +- Searching AKC by name
  +- Trying AKC name candidate: Sienna Demilo
  +- Resolved AKC identity: Sienna Demilo (WF033003)
  +- Reading MyAKC Dog Information
  +- Generating compact Herding Test/Trial PDF
  +- Saved record as akc:WF033003
  +- Removing processed Dog of Interest from MyAKC
  +- Queueing 2 parent record(s) for generation 27

Pikes Haven Ima Rave Review
------------------------------------------------------------------------
Generation 26
  +- Searching AKC by name
  +- Trying AKC name candidate: Pikes Haven Ima Rave Review
  +- Resolved AKC identity: Pikes Haven Ima Rave Review (WP47665008)
  +- Reading MyAKC Dog Information
  +- Generating compact Herding Test/Trial PDF
  +- Saved record as akc:WP47665008
  +- Removing processed Dog of Interest from MyAKC
  +- Queueing 2 parent record(s) for generation 27

Kimbertal's Heaven Sent III
------------------------------------------------------------------------
Generation 26
  +- Searching AKC by name
  +- Trying AKC name candidate: Kimbertal's Heaven Sent III
  +- Trying AKC name candidate: Kimbertal's Heaven Sent
  +- Resolved AKC identity: Kimbertal's Heaven Sent III (WP43830801)
  +- Reading MyAKC Dog Information
  +- Generating compact Herding Test/Trial PDF
  +- Saved record as akc:WP43830801
  +- Removing processed Dog of Interest from MyAKC
  +- Queueing 2 parent record(s) for generation 27

CH Carolon's Fly Boy
------------------------------------------------------------------------
Generation 26
  +- Searching AKC by name
  +- Trying AKC name candidate: CH Carolon's Fly Boy
  +- Trying AKC name candidate: Carolon's Fly Boy
  +- Resolved AKC identity: CH Carolon's Fly Boy (WG390331)
  +- Reading MyAKC Dog Information
  +- Generating compact Herding Test/Trial PDF
  +- Saved record as akc:WG390331
  +- Removing processed Dog of Interest from MyAKC
  +- Queueing 1 parent record(s) for generation 27

Linn Von Kimbertal
------------------------------------------------------------------------
Generation 26
  +- Searching AKC by name
  +- Trying AKC name candidate: Linn Von Kimbertal
  +- Resolved AKC identity: Linn Von Kimbertal (WP49792105)
  +- Reading MyAKC Dog Information
  +- Generating compact Herding Test/Trial PDF
  +- Saved record as akc:WP49792105
  +- Removing processed Dog of Interest from MyAKC
  +- Queueing 2 parent record(s) for generation 27

Rin Knight Kishke Vindicator
------------------------------------------------------------------------
Generation 26
  +- Searching AKC by name
  +- Trying AKC name candidate: Rin Knight Kishke Vindicator
  +- Resolved AKC identity: Rin Knight Kishke Vindicator (WP37244812)
  +- Reading MyAKC Dog Information
  +- Generating compact Herding Test/Trial PDF
  +- Saved record as akc:WP37244812
  +- Removing processed Dog of Interest from MyAKC
  +- Queueing 2 parent record(s) for generation 27

Gaboah Deah-Rin
------------------------------------------------------------------------
Generation 26
  +- Searching AKC by name
  +- Trying AKC name candidate: Gaboah Deah-Rin
  +- Resolved AKC identity: Gaboah Deah-Rin (WP25496201)
  +- Reading MyAKC Dog Information
  +- Generating compact Herding Test/Trial PDF
  +- Saved record as akc:WP25496201
  +- Removing processed Dog of Interest from MyAKC
  +- Queueing 2 parent record(s) for generation 27

Kimbertal's Captain Kids Son
------------------------------------------------------------------------
Generation 26
  +- Searching AKC by name
  +- Trying AKC name candidate: Kimbertal's Captain Kids Son
  +- Resolved AKC identity: Kimbertal's Captain Kids Son (WP57213008)
  +- Reading MyAKC Dog Information
  +- Generating compact Herding Test/Trial PDF
  +- Saved record as akc:WP57213008
  +- Removing processed Dog of Interest from MyAKC
  +- Queueing 2 parent record(s) for generation 27

Kimbertal's Midnight Rider
------------------------------------------------------------------------
Generation 26
  +- Searching AKC by name
  +- Trying AKC name candidate: Kimbertal's Midnight Rider
  +- Resolved AKC identity: Kimbertal's Midnight Rider (WP41710807)
  +- Reading MyAKC Dog Information
  +- Generating compact Herding Test/Trial PDF
  +- Saved record as akc:WP41710807
  +- Removing processed Dog of Interest from MyAKC
  +- Queueing 2 parent record(s) for generation 27

Drago Von Der Klosterweide
------------------------------------------------------------------------
Generation 26
  +- Searching AKC by name
  +- Trying AKC name candidate: Drago Von Der Klosterweide
  +- Resolved AKC identity: Drago Von Der Klosterweide (WG355586)
  +- Reading MyAKC Dog Information
  +- Generating compact Herding Test/Trial PDF
  +- Saved record as akc:WG355586
  +- Removing processed Dog of Interest from MyAKC
  +- Queueing 2 parent record(s) for generation 27

Kimbertal's Hannalee
------------------------------------------------------------------------
Generation 26
  +- Searching AKC by name
  +- Trying AKC name candidate: Kimbertal's Hannalee
  +- Resolved AKC identity: Kimbertal's Hannalee (WP35143302)
  +- Reading MyAKC Dog Information
  +- Generating compact Herding Test/Trial PDF
  +- Saved record as akc:WP35143302
  +- Removing processed Dog of Interest from MyAKC
  +- Queueing 2 parent record(s) for generation 27

CH Moonbeam's Tango
------------------------------------------------------------------------
Generation 26
+- Reusing local PDF by normalized name: AHN999_100354999689WD93385819092026045624597.pdf
+- Using existing checkpoint (resolved_from_pdf_cache)
  +- Queueing 1 parent record(s) for generation 27

Kimbertal's Bimba
------------------------------------------------------------------------
Generation 26
  +- Searching AKC by name
  +- Trying AKC name candidate: Kimbertal's Bimba
  +- Resolved AKC identity: Kimbertal's Bimba (WE911497)
  +- Reading MyAKC Dog Information
  +- Generating compact Herding Test/Trial PDF
  +- Saved record as akc:WE911497
  +- Removing processed Dog of Interest from MyAKC
  +- Queueing 2 parent record(s) for generation 27

Wolf Gange Benson
------------------------------------------------------------------------
Generation 26
  +- Searching AKC by name
  +- Trying AKC name candidate: Wolf Gange Benson
  +- Resolved AKC identity: Wolf Gange Benson (WF973777)
  +- Reading MyAKC Dog Information
  +- Generating compact Herding Test/Trial PDF
  +- Saved record as akc:WF973777
  +- Removing processed Dog of Interest from MyAKC
  +- Queueing 2 parent record(s) for generation 27

Sunny Drive's Lady Margaret
------------------------------------------------------------------------
Generation 26
  +- Searching AKC by name
  +- Trying AKC name candidate: Sunny Drive's Lady Margaret
  +- Resolved AKC identity: Sunny Drive's Lady Margaret (WF496379)
  +- Reading MyAKC Dog Information
  +- Generating compact Herding Test/Trial PDF
  +- Saved record as akc:WF496379
  +- Removing processed Dog of Interest from MyAKC
  +- Queueing 2 parent record(s) for generation 27

Judy v Burse
------------------------------------------------------------------------
Generation 26
  +- Searching AKC by name
  +- Trying AKC name candidate: Judy v Burse
  +- AKC name lookup: not_found
  +- Checking DobeQuest identity index
    +- DobeQuest match 12742 → AKC W8469
    +- Trying AKC number lookup: W8469
    +- DobeQuest-only profile 12742; skipping AKC PDF

Lord v Dennstedt
------------------------------------------------------------------------
Generation 26
  +- Searching AKC by name
  +- Trying AKC name candidate: Lord v Dennstedt
  +- AKC name lookup: not_found
  +- Checking DobeQuest identity index
    +- DobeQuest-only profile 15084; skipping AKC PDF

Moora
------------------------------------------------------------------------
Generation 26
  +- Searching AKC by name
  +- Trying AKC name candidate: Moora
  +- AKC name lookup: ambiguous
  +- Checking DobeQuest identity index
    +- DobeQuest-only profile 34694; skipping AKC PDF

Tell v Abendrot
------------------------------------------------------------------------
Generation 26
  +- Searching AKC by name
  +- Trying AKC name candidate: Tell v Abendrot
  +- AKC name lookup: not_found
  +- Checking DobeQuest identity index
    +- DobeQuest-only profile 47108; skipping AKC PDF

Mona v Brunia
------------------------------------------------------------------------
Generation 26
  +- Searching AKC by name
  +- Trying AKC name candidate: Mona v Brunia
  +- AKC name lookup: not_found
  +- Checking DobeQuest identity index
    +- DobeQuest-only profile 27133; skipping AKC PDF

Juliana v Sigalhof
------------------------------------------------------------------------
Generation 26
  +- Searching AKC by name
  +- Trying AKC name candidate: Juliana v Sigalhof
  +- AKC name lookup: not_found
  +- Checking DobeQuest identity index
    +- DobeQuest-only profile 49697; skipping AKC PDF

Dack v Bayernstolz
------------------------------------------------------------------------
Generation 26
  +- Searching AKC by name
  +- Trying AKC name candidate: Dack v Bayernstolz
  +- AKC name lookup: not_found
  +- Checking DobeQuest identity index
    +- DobeQuest match 33882 → AKC 898757
    +- Trying AKC number lookup: 898757
    +- DobeQuest-only profile 33882; skipping AKC PDF

Elfe vd Schanzenhoehe
------------------------------------------------------------------------
Generation 26
  +- Searching AKC by name
  +- Trying AKC name candidate: Elfe vd Schanzenhoehe
  +- AKC name lookup: not_found
  +- Checking DobeQuest identity index
    +- DobeQuest-only profile 33896; skipping AKC PDF

DV Siegerin Freya v Burgund
------------------------------------------------------------------------
Generation 26
  +- Searching AKC by name
  +- Trying AKC name candidate: DV Siegerin Freya v Burgund
  +- AKC name lookup: not_found
  +- Checking DobeQuest identity index
    +- DobeQuest-only profile 12177; skipping AKC PDF

Lochleinstahl v Arno gen Treu
------------------------------------------------------------------------
Generation 26
  +- Searching AKC by name
  +- Trying AKC name candidate: Lochleinstahl v Arno gen Treu
  +- AKC name lookup: not_found
  +- Checking DobeQuest identity index
    +- DobeQuest-only profile 68244; skipping AKC PDF

Bekka Seizinger
------------------------------------------------------------------------
Generation 26
  +- Searching AKC by name
  +- Trying AKC name candidate: Bekka Seizinger
  +- AKC name lookup: not_found
  +- Checking DobeQuest identity index
    +- DobeQuest-only profile 68245; skipping AKC PDF

Bessi v Hannover
------------------------------------------------------------------------
Generation 26
  +- Searching AKC by name
  +- Trying AKC name candidate: Bessi v Hannover
  +- AKC name lookup: not_found
  +- Checking DobeQuest identity index
    +- DobeQuest-only profile 48105; skipping AKC PDF

Afra v Hohenesp
------------------------------------------------------------------------
Generation 26
  +- Searching AKC by name
  +- Trying AKC name candidate: Afra v Hohenesp
  +- AKC name lookup: not_found
  +- Checking DobeQuest identity index
    +- DobeQuest-only profile 18566; skipping AKC PDF

Trudie vd Spree
------------------------------------------------------------------------
Generation 26
  +- Searching AKC by name
  +- Trying AKC name candidate: Trudie vd Spree
  +- AKC name lookup: not_found
  +- Checking DobeQuest identity index
    +- DobeQuest match 18575 → AKC 541696
    +- Trying AKC number lookup: 541696
  +- Resolved AKC identity: Josy Vom Goldboehl (541696)
  +- Reading MyAKC Dog Information
  +- DobeQuest AKC mismatch: MyAKC returned Josy Vom Goldboehl (German Shepherd Dog)

Trail 'Em Memories
------------------------------------------------------------------------
Generation 26
  +- Searching AKC by name
  +- Trying AKC name candidate: Trail 'Em Memories
  +- AKC name lookup: not_found
  +- Checking DobeQuest identity index
    +- DobeQuest match 18828 → AKC 565660
    +- Trying AKC number lookup: 565660
  +- Resolved AKC identity: Tk Snoopy Hamm (565660)
  +- Reading MyAKC Dog Information
  +- DobeQuest AKC mismatch: MyAKC returned Tk Snoopy Hamm (Chihuahua)

Prinz Polivan vd Koningstad
------------------------------------------------------------------------
Generation 26
  +- Searching AKC by name
  +- Trying AKC name candidate: Prinz Polivan vd Koningstad
  +- AKC name lookup: not_found
  +- Checking DobeQuest identity index
    +- DobeQuest-only profile 27197; skipping AKC PDF

Prinses Olgina vd Koningstadt
------------------------------------------------------------------------
Generation 26
  +- Searching AKC by name
  +- Trying AKC name candidate: Prinses Olgina vd Koningstadt
  +- AKC name lookup: not_found
  +- Checking DobeQuest identity index
    +- DobeQuest-only profile 51683; skipping AKC PDF

Flora vd Valkenhof
------------------------------------------------------------------------
Generation 26
  +- Searching AKC by name
  +- Trying AKC name candidate: Flora vd Valkenhof
  +- AKC name lookup: not_found
  +- Checking DobeQuest identity index
    +- DobeQuest-only profile 32923; skipping AKC PDF

Artus v Schlingelhof
------------------------------------------------------------------------
Generation 26
  +- Searching AKC by name
  +- Trying AKC name candidate: Artus v Schlingelhof
  +- AKC name lookup: not_found
  +- Checking DobeQuest identity index
    +- DobeQuest match 18778 → AKC 422797
    +- Trying AKC number lookup: 422797
  +- Resolved AKC identity: Springhill Sneakers (422797)
  +- Reading MyAKC Dog Information
  +- DobeQuest AKC mismatch: MyAKC returned Springhill Sneakers (Treeing Walker Coonhound)

Dina v Holstein
------------------------------------------------------------------------
Generation 26
  +- Searching AKC by name
  +- Trying AKC name candidate: Dina v Holstein
  +- AKC name lookup: not_found
  +- Checking DobeQuest identity index
    +- DobeQuest-only profile 18779; skipping AKC PDF

Damon Von Rachen
------------------------------------------------------------------------
Generation 26
+- Reusing local PDF by normalized name: AHN999_100354999689WA9757082209202612560838.pdf
+- Using existing checkpoint (resolved_from_pdf_cache)

Cheen Von Rheintochter
------------------------------------------------------------------------
Generation 26
+- Reusing local PDF by normalized name: AHN999_100354999689WA74298422092026125653799.pdf
+- Using existing checkpoint (resolved_from_pdf_cache)

Chaco Von Hof
------------------------------------------------------------------------
Generation 26
+- Reusing local PDF by normalized name: AHN999_100354999689WA44107522092026125740304.pdf
+- Using existing checkpoint (resolved_from_pdf_cache)

Smith's Dame Elsa
------------------------------------------------------------------------
Generation 26
+- Reusing local PDF by normalized name: AHN999_100354999689WA9789852209202612582856.pdf
+- Using existing checkpoint (resolved_from_pdf_cache)

Pate's Bullet
------------------------------------------------------------------------
Generation 26
+- Reusing local PDF by normalized name: AHN999_100354999689WC07793722092026125924662.pdf
+- Using existing checkpoint (resolved_from_pdf_cache)
  +- Queueing 2 parent record(s) for generation 27

Lady Celeste
------------------------------------------------------------------------
Generation 26
+- Reusing local PDF by normalized name: AHN999_100354999689WB45761222092026010011889.pdf
+- Using existing checkpoint (resolved_from_pdf_cache)
  +- Queueing 2 parent record(s) for generation 27

Baron Adolph Von Schultz
------------------------------------------------------------------------
Generation 26
+- Reusing local PDF by normalized name: AHN999_100354999689WB34639922092026010100565.pdf
+- Using existing checkpoint (resolved_from_pdf_cache)
  +- Queueing 2 parent record(s) for generation 27

Damsel Von Schultzenberg
------------------------------------------------------------------------
Generation 26
+- Reusing local PDF by normalized name: AHN999_100354999689WB0525262209202601015238.pdf
+- Using existing checkpoint (resolved_from_pdf_cache)

Sultan's Pride II
------------------------------------------------------------------------
Generation 26
  +- Searching AKC by name
  +- Trying AKC name candidate: Sultan's Pride II
  +- Trying AKC name candidate: Sultan's Pride
  +- Resolved AKC identity: Sultan's Pride II (WB202673)
  +- Reading MyAKC Dog Information
  +- Generating compact Herding Test/Trial PDF
  +- Saved record as akc:WB202673
  +- Removing processed Dog of Interest from MyAKC

Lady Tanya Larue
------------------------------------------------------------------------
Generation 26
+- Reusing local PDF by normalized name: AHN999_100354999689WB57541522092026010244647.pdf
+- Using existing checkpoint (resolved_from_pdf_cache)
  +- Queueing 1 parent record(s) for generation 27

Asta v Voelkerruhe
------------------------------------------------------------------------
Generation 26
  +- Searching AKC by name
  +- Trying AKC name candidate: Asta v Voelkerruhe
  +- AKC name lookup: not_found
  +- Checking DobeQuest identity index
    +- DobeQuest-only profile 10756; skipping AKC PDF

Rollo v Popp
------------------------------------------------------------------------
Generation 26
  +- Searching AKC by name
  +- Trying AKC name candidate: Rollo v Popp
  +- AKC name lookup: not_found
  +- Checking DobeQuest identity index
    +- DobeQuest match 34685 → AKC 747259
    +- Trying AKC number lookup: 747259
    +- DobeQuest-only profile 34685; skipping AKC PDF

Ima of Lawnwood
------------------------------------------------------------------------
Generation 26
  +- Searching AKC by name
  +- Trying AKC name candidate: Ima of Lawnwood
  +- AKC name lookup: not_found
  +- Checking DobeQuest identity index
    +- DobeQuest match 12633 → AKC 791223
    +- Trying AKC number lookup: 791223
    +- DobeQuest-only profile 12633; skipping AKC PDF

Peter vd Roemerhof
------------------------------------------------------------------------
Generation 26
  +- Searching AKC by name
  +- Trying AKC name candidate: Peter vd Roemerhof
  +- AKC name lookup: not_found
  +- Checking DobeQuest identity index
    +- DobeQuest match 27195 → AKC 616494
    +- Trying AKC number lookup: 616494
    +- DobeQuest-only profile 27195; skipping AKC PDF

Betsy v Wilhelm
------------------------------------------------------------------------
Generation 26
  +- Searching AKC by name
  +- Trying AKC name candidate: Betsy v Wilhelm
  +- AKC name lookup: not_found
  +- Checking DobeQuest identity index
    +- DobeQuest match 47186 → AKC 623310
    +- Trying AKC number lookup: 623310
    +- DobeQuest-only profile 47186; skipping AKC PDF

Dell's Red Pepper
------------------------------------------------------------------------
Generation 26
+- Reusing local PDF by normalized name: AHN999_100354999689WA41241819092026082351262.pdf
+- Using existing checkpoint (resolved_from_pdf_cache)

Beeto
------------------------------------------------------------------------
Generation 26
+- Reusing local PDF by normalized name: AHN999_100354999689WA49783619092026082403863.pdf
+- Using existing checkpoint (resolved_from_pdf_cache)
  +- Queueing 2 parent record(s) for generation 27

Lotte v Gersbach
------------------------------------------------------------------------
Generation 27
  +- Searching AKC by name
  +- Trying AKC name candidate: Lotte v Gersbach
  +- AKC name lookup: not_found
  +- Checking DobeQuest identity index
    +- DobeQuest-only profile 47153; skipping AKC PDF

Horst v Thueringen
------------------------------------------------------------------------
Generation 27
  +- Searching AKC by name
  +- Trying AKC name candidate: Horst v Thueringen
  +- AKC name lookup: not_found
  +- Checking DobeQuest identity index
    +- DobeQuest-only profile 17374; skipping AKC PDF

Woglinde v Thueringen
------------------------------------------------------------------------
Generation 27
  +- Searching AKC by name
  +- Trying AKC name candidate: Woglinde v Thueringen
  +- AKC name lookup: not_found
  +- Checking DobeQuest identity index
    +- DobeQuest-only profile 15029; skipping AKC PDF

Baron v Simmenau
------------------------------------------------------------------------
Generation 27
  +- Searching AKC by name
  +- Trying AKC name candidate: Baron v Simmenau
  +- AKC name lookup: not_found
  +- Checking DobeQuest identity index
    +- DobeQuest match 10853 → AKC 707134
    +- Trying AKC number lookup: 707134
    +- DobeQuest-only profile 10853; skipping AKC PDF

Princess Dot of Pontchartrain
------------------------------------------------------------------------
Generation 27
  +- Searching AKC by name
  +- Trying AKC name candidate: Princess Dot of Pontchartrain
  +- AKC name lookup: not_found
  +- Checking DobeQuest identity index
    +- DobeQuest match 13961 → AKC 751006
    +- Trying AKC number lookup: 751006
    +- DobeQuest-only profile 13961; skipping AKC PDF

Ch Hella of Pontchartrain
------------------------------------------------------------------------
Generation 27
  +- Searching AKC by name
  +- Trying AKC name candidate: Ch Hella of Pontchartrain
  +- Trying AKC name candidate: Hella of Pontchartrain
  +- AKC name lookup: not_found
  +- Checking DobeQuest identity index
    +- DobeQuest match 10232 → AKC 497377
    +- Trying AKC number lookup: 497377
  +- Resolved AKC identity: Nikita Du Grand Molosse (497377)
  +- Reading MyAKC Dog Information
  +- DobeQuest AKC mismatch: MyAKC returned Nikita Du Grand Molosse (Dogue de Bordeaux)

Ch DV Siegerin Bona v Deckersburg
------------------------------------------------------------------------
Generation 27
  +- Searching AKC by name
  +- Trying AKC name candidate: Ch DV Siegerin Bona v Deckersburg
  +- Trying AKC name candidate: DV Siegerin Bona v Deckersburg
  +- AKC name lookup: not_found
  +- Checking DobeQuest identity index
    +- DobeQuest match 11048 → AKC 553222
    +- Trying AKC number lookup: 553222
  +- Resolved AKC identity: J-Bird's Cassandra (553222)
  +- Reading MyAKC Dog Information
  +- DobeQuest AKC mismatch: MyAKC returned J-Bird's Cassandra (Cairn Terrier)

Valuta v Riga
------------------------------------------------------------------------
Generation 27
  +- Searching AKC by name
  +- Trying AKC name candidate: Valuta v Riga
  +- AKC name lookup: not_found
  +- Checking DobeQuest identity index
    +- DobeQuest match 17513 → AKC AKC553223
    +- Trying AKC number lookup: AKC553223
    +- DobeQuest-only profile 17513; skipping AKC PDF

Cristel vd Leopoldstrasse
------------------------------------------------------------------------
Generation 27
  +- Searching AKC by name
  +- Trying AKC name candidate: Cristel vd Leopoldstrasse
  +- AKC name lookup: not_found
  +- Checking DobeQuest identity index
    +- DobeQuest-only profile 48222; skipping AKC PDF

Freu v Butersburg
------------------------------------------------------------------------
Generation 27
  +- Searching AKC by name
  +- Trying AKC name candidate: Freu v Butersburg
  +- AKC name lookup: not_found
  +- Checking DobeQuest identity index
    +- DobeQuest-only profile 47143; skipping AKC PDF

Rita Rinneberg
------------------------------------------------------------------------
Generation 27
  +- Searching AKC by name
  +- Trying AKC name candidate: Rita Rinneberg
  +- AKC name lookup: not_found
  +- Checking DobeQuest identity index
    +- DobeQuest-only profile 47144; skipping AKC PDF

Paula v Hunnenheide
------------------------------------------------------------------------
Generation 27
  +- Searching AKC by name
  +- Trying AKC name candidate: Paula v Hunnenheide
  +- AKC name lookup: not_found
  +- Checking DobeQuest identity index
    +- DobeQuest-only profile 18572; skipping AKC PDF

Red Roof Riff
------------------------------------------------------------------------
Generation 27
  +- Searching AKC by name
  +- Trying AKC name candidate: Red Roof Riff
  +- AKC name lookup: not_found
  +- Checking DobeQuest identity index
    +- DobeQuest match 33826 → AKC 392481
    +- Trying AKC number lookup: 392481
    +- DobeQuest-only profile 33826; skipping AKC PDF

Ratti of Red Roof
------------------------------------------------------------------------
Generation 27
  +- Searching AKC by name
  +- Trying AKC name candidate: Ratti of Red Roof
  +- AKC name lookup: not_found
  +- Checking DobeQuest identity index
    +- DobeQuest match 33827 → AKC 327090
    +- Trying AKC number lookup: 327090
  +- Resolved AKC identity: Iko V Lobbachtal (327090)
  +- Reading MyAKC Dog Information
  +- DobeQuest AKC mismatch: MyAKC returned Iko V Lobbachtal (Giant Schnauzer)

Edman v Rehhutte
------------------------------------------------------------------------
Generation 27
  +- Searching AKC by name
  +- Trying AKC name candidate: Edman v Rehhutte
  +- AKC name lookup: not_found
  +- Checking DobeQuest identity index
    +- DobeQuest-only profile 48151; skipping AKC PDF

Betty v Normaneck
------------------------------------------------------------------------
Generation 27
  +- Searching AKC by name
  +- Trying AKC name candidate: Betty v Normaneck
  +- AKC name lookup: not_found
  +- Checking DobeQuest identity index
    +- DobeQuest-only profile 48152; skipping AKC PDF

Harras vd Karlshohe
------------------------------------------------------------------------
Generation 27
  +- Searching AKC by name
  +- Trying AKC name candidate: Harras vd Karlshohe
  +- AKC name lookup: not_found
  +- Checking DobeQuest identity index
    +- DobeQuest-only profile 49615; skipping AKC PDF

Ch Frieda vd Blankenburg
------------------------------------------------------------------------
Generation 27
  +- Searching AKC by name
  +- Trying AKC name candidate: Ch Frieda vd Blankenburg
  +- Trying AKC name candidate: Frieda vd Blankenburg
  +- AKC name lookup: not_found
  +- Checking DobeQuest identity index
    +- DobeQuest match 12192 → AKC 759077
    +- Trying AKC number lookup: 759077
    +- DobeQuest-only profile 12192; skipping AKC PDF

Wilhelm Stromer
------------------------------------------------------------------------
Generation 27
  +- Searching AKC by name
  +- Trying AKC name candidate: Wilhelm Stromer
  +- AKC name lookup: not_found
  +- Checking DobeQuest identity index
    +- DobeQuest match 33304 → AKC 813514
    +- Trying AKC number lookup: 813514
    +- DobeQuest-only profile 33304; skipping AKC PDF

Paula v Grammont
------------------------------------------------------------------------
Generation 27
  +- Searching AKC by name
  +- Trying AKC name candidate: Paula v Grammont
  +- AKC name lookup: not_found
  +- Checking DobeQuest identity index
    +- DobeQuest match 33303 → AKC 765307
    +- Trying AKC number lookup: 765307
    +- DobeQuest-only profile 33303; skipping AKC PDF

Lux v Treidelschloss
------------------------------------------------------------------------
Generation 27
  +- Searching AKC by name
  +- Trying AKC name candidate: Lux v Treidelschloss
  +- AKC name lookup: not_found
  +- Checking DobeQuest identity index
    +- DobeQuest-only profile 13125; skipping AKC PDF

Ch Alli v Goldgrund
------------------------------------------------------------------------
Generation 27
  +- Searching AKC by name
  +- Trying AKC name candidate: Ch Alli v Goldgrund
  +- Trying AKC name candidate: Alli v Goldgrund
  +- AKC name lookup: not_found
  +- Checking DobeQuest identity index
    +- DobeQuest match 10540 → AKC 442052
    +- Trying AKC number lookup: 442052
  +- Resolved AKC identity: Mercedes Benz Meskot Pog'S (442052)
  +- Reading MyAKC Dog Information
  +- DobeQuest AKC mismatch: MyAKC returned Mercedes Benz Meskot Pog'S (Bulldog)

Hillacre Rowdy
------------------------------------------------------------------------
Generation 27
  +- Searching AKC by name
  +- Trying AKC name candidate: Hillacre Rowdy
  +- AKC name lookup: not_found
  +- Checking DobeQuest identity index
    +- DobeQuest match 49677 → AKC 778563
    +- Trying AKC number lookup: 778563
    +- DobeQuest-only profile 49677; skipping AKC PDF

Betty v Burgholz
------------------------------------------------------------------------
Generation 27
  +- Searching AKC by name
  +- Trying AKC name candidate: Betty v Burgholz
  +- AKC name lookup: not_found
  +- Checking DobeQuest identity index
    +- DobeQuest match 49678 → AKC 840209
    +- Trying AKC number lookup: 840209
    +- DobeQuest-only profile 49678; skipping AKC PDF

Artiste v Torrez
------------------------------------------------------------------------
Generation 27
  +- Searching AKC by name
  +- Trying AKC name candidate: Artiste v Torrez
  +- AKC name lookup: not_found
  +- Checking DobeQuest identity index
    +- DobeQuest match 32953 → AKC 780956
    +- Trying AKC number lookup: 780956
    +- DobeQuest-only profile 32953; skipping AKC PDF

Lotte v Westfalia
------------------------------------------------------------------------
Generation 27
  +- Searching AKC by name
  +- Trying AKC name candidate: Lotte v Westfalia
  +- AKC name lookup: not_found
  +- Checking DobeQuest identity index
    +- DobeQuest-only profile 48254; skipping AKC PDF

Ch Theophano v Thueringen
------------------------------------------------------------------------
Generation 27
  +- Searching AKC by name
  +- Trying AKC name candidate: Ch Theophano v Thueringen
  +- Trying AKC name candidate: Theophano v Thueringen
  +- AKC name lookup: not_found
  +- Checking DobeQuest identity index
    +- DobeQuest-only profile 14667; skipping AKC PDF

Lotte v Dombachtal
------------------------------------------------------------------------
Generation 27
  +- Searching AKC by name
  +- Trying AKC name candidate: Lotte v Dombachtal
  +- AKC name lookup: not_found
  +- Checking DobeQuest identity index
    +- DobeQuest-only profile 47150; skipping AKC PDF

Falko v Stahlhelm
------------------------------------------------------------------------
Generation 27
  +- Searching AKC by name
  +- Trying AKC name candidate: Falko v Stahlhelm
  +- AKC name lookup: not_found
  +- Checking DobeQuest identity index
    +- DobeQuest-only profile 48892; skipping AKC PDF

Kitty v Woerttemberg
------------------------------------------------------------------------
Generation 27
  +- Searching AKC by name
  +- Trying AKC name candidate: Kitty v Woerttemberg
  +- AKC name lookup: not_found
  +- Checking DobeQuest identity index
    +- DobeQuest-only profile 48893; skipping AKC PDF

CH Moloch's Sacha Sue
------------------------------------------------------------------------
Generation 27
+- Reusing local PDF by normalized name: AHN999_100354999689WC45993219092026011329262.pdf
+- Using existing checkpoint (resolved_from_pdf_cache)
  +- Queueing 1 parent record(s) for generation 28

Mirza v Hohenstaufen
------------------------------------------------------------------------
Generation 27
  +- Searching AKC by name
  +- Trying AKC name candidate: Mirza v Hohenstaufen
  +- AKC name lookup: not_found
  +- Checking DobeQuest identity index
    +- DobeQuest-only profile 48872; skipping AKC PDF

Lord v Scharrenberg
------------------------------------------------------------------------
Generation 27
  +- Searching AKC by name
  +- Trying AKC name candidate: Lord v Scharrenberg
  +- AKC name lookup: not_found
  +- Checking DobeQuest identity index
    +- DobeQuest-only profile 34737; skipping AKC PDF

Prinzessin Grete v Pliessnitztal
------------------------------------------------------------------------
Generation 27
  +- Searching AKC by name
  +- Trying AKC name candidate: Prinzessin Grete v Pliessnitztal
  +- AKC name lookup: not_found
  +- Checking DobeQuest identity index
    +- DobeQuest-only profile 34738; skipping AKC PDF

Sako Von Warrior
------------------------------------------------------------------------
Generation 27
+- Reusing local PDF by normalized name: AHN999_100354999689WC28081419092026011345974.pdf
+- Using existing checkpoint (resolved_from_pdf_cache)
  +- Queueing 2 parent record(s) for generation 28

Lee Bell
------------------------------------------------------------------------
Generation 27
+- Reusing local PDF by normalized name: AHN999_100354999689WD17392619092026011354700.pdf
+- Using existing checkpoint (resolved_from_pdf_cache)
  +- Queueing 2 parent record(s) for generation 28

Duque Von Sir
------------------------------------------------------------------------
Generation 27
+- Reusing local PDF by normalized name: AHN999_100354999689WD73158919092026011404248.pdf
+- Using existing checkpoint (resolved_from_pdf_cache)
  +- Queueing 2 parent record(s) for generation 28

Eagle The Marguis Pichardo
------------------------------------------------------------------------
Generation 27
+- Reusing local PDF by normalized name: AHN999_100354999689WD86932419092026011415714.pdf
+- Using existing checkpoint (resolved_from_pdf_cache)
  +- Queueing 2 parent record(s) for generation 28

Siegfried v Reuss
------------------------------------------------------------------------
Generation 27
  +- Searching AKC by name
  +- Trying AKC name candidate: Siegfried v Reuss
  +- AKC name lookup: not_found
  +- Checking DobeQuest identity index
    +- DobeQuest-only profile 14348; skipping AKC PDF

Siegerin Isolde v Deutz
------------------------------------------------------------------------
Generation 27
  +- Searching AKC by name
  +- Trying AKC name candidate: Siegerin Isolde v Deutz
  +- AKC name lookup: not_found
  +- Checking DobeQuest identity index
    +- DobeQuest-only profile 12655; skipping AKC PDF

Helmtrude v Hohenstein
------------------------------------------------------------------------
Generation 27
  +- Searching AKC by name
  +- Trying AKC name candidate: Helmtrude v Hohenstein
  +- AKC name lookup: not_found
  +- Checking DobeQuest identity index
    +- DobeQuest-only profile 371; skipping AKC PDF

Hopsa Hinz v Thueringen
------------------------------------------------------------------------
Generation 27
  +- Searching AKC by name
  +- Trying AKC name candidate: Hopsa Hinz v Thueringen
  +- AKC name lookup: not_found
  +- Checking DobeQuest identity index
    +- DobeQuest-only profile 12576; skipping AKC PDF

Hopsa Gerda v Thueringen
------------------------------------------------------------------------
Generation 27
  +- Searching AKC by name
  +- Trying AKC name candidate: Hopsa Gerda v Thueringen
  +- AKC name lookup: not_found
  +- Checking DobeQuest identity index
    +- DobeQuest-only profile 12575; skipping AKC PDF

Irmgart v Thueringen
------------------------------------------------------------------------
Generation 27
  +- Searching AKC by name
  +- Trying AKC name candidate: Irmgart v Thueringen
  +- AKC name lookup: not_found
  +- Checking DobeQuest identity index
    +- DobeQuest-only profile 15263; skipping AKC PDF

Weddo v Eichthal
------------------------------------------------------------------------
Generation 27
  +- Searching AKC by name
  +- Trying AKC name candidate: Weddo v Eichthal
  +- AKC name lookup: not_found
  +- Checking DobeQuest identity index
    +- DobeQuest match 15332 → AKC 152166
    +- Trying AKC number lookup: 152166
    +- DobeQuest-only profile 15332; skipping AKC PDF

Walpurgis v Thueringen
------------------------------------------------------------------------
Generation 27
  +- Searching AKC by name
  +- Trying AKC name candidate: Walpurgis v Thueringen
  +- AKC name lookup: not_found
  +- Checking DobeQuest identity index
    +- DobeQuest-only profile 14899; skipping AKC PDF

Paisley II
------------------------------------------------------------------------
Generation 27
  +- Searching AKC by name
  +- Trying AKC name candidate: Paisley II
  +- Trying AKC name candidate: Paisley
  +- Resolved AKC identity: Paisley II (WS09504004)
  +- Reading MyAKC Dog Information
  +- Generating compact Herding Test/Trial PDF
  +- Saved record as akc:WS09504004
  +- Removing processed Dog of Interest from MyAKC
  +- Queueing 2 parent record(s) for generation 28

Dixie Bell Yearwood
------------------------------------------------------------------------
Generation 27
+- Reusing local PDF by normalized name: AHN999_100354999689WS0849420619092026011845777.pdf
+- Using existing checkpoint (resolved_from_pdf_cache)
  +- Queueing 2 parent record(s) for generation 28

Apollo Bad Moon Rising
------------------------------------------------------------------------
Generation 27
+- Reusing local PDF by normalized name: AHN999_100354999689WG41521719092026011457206.pdf
+- Using existing checkpoint (resolved_from_pdf_cache)
  +- Queueing 2 parent record(s) for generation 28

Madam Maxie
------------------------------------------------------------------------
Generation 27
+- Reusing local PDF by normalized name: AHN999_100354999689WP3581681419092026011506461.pdf
+- Using existing checkpoint (resolved_from_pdf_cache)
  +- Queueing 2 parent record(s) for generation 28

Wayne's Mischieg Jake
------------------------------------------------------------------------
Generation 27
+- Reusing local PDF by normalized name: AHN999_100354999689WP3955030419092026011516180.pdf
+- Using existing checkpoint (resolved_from_pdf_cache)
  +- Queueing 2 parent record(s) for generation 28

Wayne's Sassy Sara
------------------------------------------------------------------------
Generation 27
+- Reusing local PDF by normalized name: AHN999_100354999689WP2537710219092026011525568.pdf
+- Using existing checkpoint (resolved_from_pdf_cache)
  +- Queueing 2 parent record(s) for generation 28

Booter Red Barron
------------------------------------------------------------------------
Generation 27
+- Reusing local PDF by normalized name: AHN999_100354999689WF3920071909202601153487.pdf
+- Using existing checkpoint (resolved_from_pdf_cache)
  +- Queueing 2 parent record(s) for generation 28

Braunschugar Barroness
------------------------------------------------------------------------
Generation 27
+- Reusing local PDF by normalized name: AHN999_100354999689WF48727919092026011543288.pdf
+- Using existing checkpoint (resolved_from_pdf_cache)
  +- Queueing 2 parent record(s) for generation 28

Flavio Renato Rigual
------------------------------------------------------------------------
Generation 27
+- Reusing local PDF by normalized name: AHN999_100354999689WF58169819092026011552164.pdf
+- Using existing checkpoint (resolved_from_pdf_cache)
  +- Queueing 2 parent record(s) for generation 28

Flavia Josefa Pablova
------------------------------------------------------------------------
Generation 27
+- Reusing local PDF by normalized name: AHN999_100354999689WF29702819092026011602194.pdf
+- Using existing checkpoint (resolved_from_pdf_cache)
  +- Queueing 2 parent record(s) for generation 28

Damasyn Darlin'
------------------------------------------------------------------------
Generation 27
+- Reusing local PDF by normalized name: AHN999_100354999689WB07731619092026033746446.pdf
+- Using existing checkpoint (resolved_from_pdf_cache)

Gigi's Delilah
------------------------------------------------------------------------
Generation 27
  +- Searching AKC by name
  +- Trying AKC name candidate: Gigi's Delilah
  +- Resolved AKC identity: Gigi's Delilah (WA319122)
  +- Reading MyAKC Dog Information
  +- Generating compact Herding Test/Trial PDF
  +- Saved record as akc:WA319122
  +- Removing processed Dog of Interest from MyAKC

Venus De Montemar
------------------------------------------------------------------------
Generation 27
  +- Searching AKC by name
  +- Trying AKC name candidate: Venus De Montemar
  +- Resolved AKC identity: Venus De Montemar (WC574377)
  +- Reading MyAKC Dog Information
  +- Generating compact Herding Test/Trial PDF
  +- Saved record as akc:WC574377
  +- Removing processed Dog of Interest from MyAKC
  +- Queueing 2 parent record(s) for generation 28

Jadee's Rookie Von Lapd
------------------------------------------------------------------------
Generation 27
  +- Searching AKC by name
  +- Trying AKC name candidate: Jadee's Rookie Von Lapd
  +- Resolved AKC identity: Jadee's Rookie Von Lapd (WB265496)
  +- Reading MyAKC Dog Information
  +- Generating compact Herding Test/Trial PDF
  +- Saved record as akc:WB265496
  +- Removing processed Dog of Interest from MyAKC
  +- Queueing 1 parent record(s) for generation 28

Contessa's Little Sheba
------------------------------------------------------------------------
Generation 27
  +- Searching AKC by name
  +- Trying AKC name candidate: Contessa's Little Sheba
  +- Resolved AKC identity: Contessa's Little Sheba (WB290606)
  +- Reading MyAKC Dog Information
  +- Generating compact Herding Test/Trial PDF
  +- Saved record as akc:WB290606
  +- Removing processed Dog of Interest from MyAKC

CH Bushido Yodan
------------------------------------------------------------------------
Generation 27
+- Reusing local PDF by normalized name: AHN999_100354999689WB88692119092026021122617.pdf
+- Using existing checkpoint (resolved_from_pdf_cache)

Musti Von Rauschgift
------------------------------------------------------------------------
Generation 27
  +- Searching AKC by name
  +- Trying AKC name candidate: Musti Von Rauschgift
  +- Resolved AKC identity: Musti Von Rauschgift (WE397367)
  +- Reading MyAKC Dog Information
  +- Generating compact Herding Test/Trial PDF
  +- Saved record as akc:WE397367
  +- Removing processed Dog of Interest from MyAKC
  +- Queueing 2 parent record(s) for generation 28

Major Sandstorm
------------------------------------------------------------------------
Generation 27
+- Reusing local PDF by normalized name: AHN999_100354999689WE52323619092026011614545.pdf
+- Using existing checkpoint (resolved_from_pdf_cache)
  +- Queueing 2 parent record(s) for generation 28

Adams' Queen Of Sheba
------------------------------------------------------------------------
Generation 27
+- Reusing local PDF by normalized name: AHN999_100354999689WE52429019092026011624914.pdf
+- Using existing checkpoint (resolved_from_pdf_cache)
  +- Queueing 2 parent record(s) for generation 28

Amrie vd Sternenstrasse
------------------------------------------------------------------------
Generation 27
  +- Searching AKC by name
  +- Trying AKC name candidate: Amrie vd Sternenstrasse
  +- AKC name lookup: not_found
  +- Checking DobeQuest identity index
    +- DobeQuest match 33193 → AKC 807526
    +- Trying AKC number lookup: 807526
    +- DobeQuest-only profile 33193; skipping AKC PDF

Ch Doddy of Rhinegold
------------------------------------------------------------------------
Generation 27
  +- Searching AKC by name
  +- Trying AKC name candidate: Ch Doddy of Rhinegold
  +- Trying AKC name candidate: Doddy of Rhinegold
  +- AKC name lookup: not_found
  +- Checking DobeQuest identity index
    +- DobeQuest match 11773 → AKC 739666
    +- Trying AKC number lookup: 739666
  +- Resolved AKC identity: Wkk's Tootsie Roll (739666)
  +- Reading MyAKC Dog Information
  +- DobeQuest AKC mismatch: MyAKC returned Wkk's Tootsie Roll (Pug)

Fritz v Ribbentrop
------------------------------------------------------------------------
Generation 27
  +- Searching AKC by name
  +- Trying AKC name candidate: Fritz v Ribbentrop
  +- AKC name lookup: not_found
  +- Checking DobeQuest identity index
    +- DobeQuest match 60237 → AKC A473422
    +- Trying AKC number lookup: A473422
    +- DobeQuest-only profile 60237; skipping AKC PDF

Judy v Valsch
------------------------------------------------------------------------
Generation 27
  +- Searching AKC by name
  +- Trying AKC name candidate: Judy v Valsch
  +- AKC name lookup: not_found
  +- Checking DobeQuest identity index
    +- DobeQuest match 60238 → AKC A567067
    +- Trying AKC number lookup: A567067
    +- DobeQuest-only profile 60238; skipping AKC PDF

Duke v Hoogstasten
------------------------------------------------------------------------
Generation 27
  +- Searching AKC by name
  +- Trying AKC name candidate: Duke v Hoogstasten
  +- AKC name lookup: not_found
  +- Checking DobeQuest identity index
    +- DobeQuest match 60242 → AKC A327915
    +- Trying AKC number lookup: A327915
    +- DobeQuest-only profile 60242; skipping AKC PDF

Adda v Luckner
------------------------------------------------------------------------
Generation 27
  +- Searching AKC by name
  +- Trying AKC name candidate: Adda v Luckner
  +- AKC name lookup: not_found
  +- Checking DobeQuest identity index
    +- DobeQuest match 60243 → AKC A274721
    +- Trying AKC number lookup: A274721
    +- DobeQuest-only profile 60243; skipping AKC PDF

Gilbralter Rock
------------------------------------------------------------------------
Generation 27
  +- Searching AKC by name
  +- Trying AKC name candidate: Gilbralter Rock
  +- Resolved AKC identity: Gilbralter Rock (WD446288)
  +- Reading MyAKC Dog Information
  +- Generating compact Herding Test/Trial PDF
  +- Saved record as akc:WD446288
  +- Removing processed Dog of Interest from MyAKC
  +- Queueing 2 parent record(s) for generation 28

Renninger's Lady Sheba
------------------------------------------------------------------------
Generation 27
  +- Searching AKC by name
  +- Trying AKC name candidate: Renninger's Lady Sheba
  +- Resolved AKC identity: Renninger's Lady Sheba (WD867569)
  +- Reading MyAKC Dog Information
  +- Generating compact Herding Test/Trial PDF
  +- Saved record as akc:WD867569
  +- Removing processed Dog of Interest from MyAKC
  +- Queueing 2 parent record(s) for generation 28

Prince Shane Of Briar Hill
------------------------------------------------------------------------
Generation 27
  +- Searching AKC by name
  +- Trying AKC name candidate: Prince Shane Of Briar Hill
  +- Resolved AKC identity: Prince Shane Of Briar Hill (WC440646)
  +- Reading MyAKC Dog Information
  +- Generating compact Herding Test/Trial PDF
  +- Saved record as akc:WC440646
  +- Removing processed Dog of Interest from MyAKC
  +- Queueing 2 parent record(s) for generation 28

Shady Sadie Oak Ridge
------------------------------------------------------------------------
Generation 27
  +- Searching AKC by name
  +- Trying AKC name candidate: Shady Sadie Oak Ridge
  +- Resolved AKC identity: Shady Sadie Oak Ridge (WE086074)
  +- Reading MyAKC Dog Information
  +- Generating compact Herding Test/Trial PDF
  +- Saved record as akc:WE086074
  +- Removing processed Dog of Interest from MyAKC
  +- Queueing 1 parent record(s) for generation 28

Thornwood's Natchi Siouxi
------------------------------------------------------------------------
Generation 27
  +- Searching AKC by name
  +- Trying AKC name candidate: Thornwood's Natchi Siouxi
  +- Resolved AKC identity: Thornwood's Natchi Siouxi (WD893587)
  +- Reading MyAKC Dog Information
  +- Generating compact Herding Test/Trial PDF
  +- Saved record as akc:WD893587
  +- Removing processed Dog of Interest from MyAKC
  +- Queueing 2 parent record(s) for generation 28

Sudow's Regal Rena
------------------------------------------------------------------------
Generation 27
  +- Searching AKC by name
  +- Trying AKC name candidate: Sudow's Regal Rena
  +- Resolved AKC identity: Sudow's Regal Rena (WD124936)
  +- Reading MyAKC Dog Information
  +- Generating compact Herding Test/Trial PDF
  +- Saved record as akc:WD124936
  +- Removing processed Dog of Interest from MyAKC
  +- Queueing 2 parent record(s) for generation 28

Kimbertal's Blue Victory
------------------------------------------------------------------------
Generation 27
+- Reusing local PDF by normalized name: AHN999_100354999689WD8291101909202610180654.pdf
+- Using existing checkpoint (resolved_from_pdf_cache)
  +- Queueing 1 parent record(s) for generation 28

Kimbertal's Tawny
------------------------------------------------------------------------
Generation 27
  +- Searching AKC by name
  +- Trying AKC name candidate: Kimbertal's Tawny
  +- Resolved AKC identity: Kimbertal's Tawny (WE089150)
  +- Reading MyAKC Dog Information
  +- Generating compact Herding Test/Trial PDF
  +- Saved record as akc:WE089150
  +- Removing processed Dog of Interest from MyAKC
  +- Queueing 2 parent record(s) for generation 28

Wolfe Den's Winston
------------------------------------------------------------------------
Generation 27
  +- Searching AKC by name
  +- Trying AKC name candidate: Wolfe Den's Winston
  +- Resolved AKC identity: Wolfe Den's Winston (WD064335)
  +- Reading MyAKC Dog Information
  +- Generating compact Herding Test/Trial PDF
  +- Saved record as akc:WD064335
  +- Removing processed Dog of Interest from MyAKC
  +- Queueing 2 parent record(s) for generation 28

Brandamillion
------------------------------------------------------------------------
Generation 27
  +- Searching AKC by name
  +- Trying AKC name candidate: Brandamillion
  +- Resolved AKC identity: Brandamillion (WD414855)
  +- Reading MyAKC Dog Information
  +- Generating compact Herding Test/Trial PDF
  +- Saved record as akc:WD414855
  +- Removing processed Dog of Interest from MyAKC
  +- Queueing 2 parent record(s) for generation 28

Rango Starr
------------------------------------------------------------------------
Generation 27
  +- Searching AKC by name
  +- Trying AKC name candidate: Rango Starr
  +- Resolved AKC identity: Rango Starr (WD950097)
  +- Reading MyAKC Dog Information
  +- Generating compact Herding Test/Trial PDF
  +- Saved record as akc:WD950097
  +- Removing processed Dog of Interest from MyAKC
  +- Queueing 2 parent record(s) for generation 28

Brandy Sue VII
------------------------------------------------------------------------
Generation 27
  +- Searching AKC by name
  +- Trying AKC name candidate: Brandy Sue VII
  +- Trying AKC name candidate: Brandy Sue
  +- Resolved AKC identity: Brandy Sue VII (WE210302)
  +- Reading MyAKC Dog Information
  +- Generating compact Herding Test/Trial PDF
  +- Saved record as akc:WE210302
  +- Removing processed Dog of Interest from MyAKC
  +- Queueing 2 parent record(s) for generation 28

Lucas Van Duke
------------------------------------------------------------------------
Generation 27
  +- Searching AKC by name
  +- Trying AKC name candidate: Lucas Van Duke
  +- Resolved AKC identity: Lucas Van Duke (WD808273)
  +- Reading MyAKC Dog Information
  +- Generating compact Herding Test/Trial PDF
  +- Saved record as akc:WD808273
  +- Removing processed Dog of Interest from MyAKC
  +- Queueing 2 parent record(s) for generation 28

Princess Ann Bradford
------------------------------------------------------------------------
Generation 27
  +- Searching AKC by name
  +- Trying AKC name candidate: Princess Ann Bradford
  +- Resolved AKC identity: Princess Ann Bradford (WC844956)
  +- Reading MyAKC Dog Information
  +- Generating compact Herding Test/Trial PDF
  +- Saved record as akc:WC844956
  +- Removing processed Dog of Interest from MyAKC
  +- Queueing 2 parent record(s) for generation 28

Ce Els Blackdiamond Warlock
------------------------------------------------------------------------
Generation 27
  +- Searching AKC by name
  +- Trying AKC name candidate: Ce Els Blackdiamond Warlock
  +- Resolved AKC identity: Ce Els Blackdiamond Warlock (WE496952)
  +- Reading MyAKC Dog Information
  +- Generating compact Herding Test/Trial PDF
  +- Saved record as akc:WE496952
  +- Removing processed Dog of Interest from MyAKC
  +- Queueing 2 parent record(s) for generation 28

Jay Jays Heidi
------------------------------------------------------------------------
Generation 27
  +- Searching AKC by name
  +- Trying AKC name candidate: Jay Jays Heidi
  +- Resolved AKC identity: Jay Jays Heidi (WE511551)
  +- Reading MyAKC Dog Information
  +- Generating compact Herding Test/Trial PDF
  +- Saved record as akc:WE511551
  +- Removing processed Dog of Interest from MyAKC
  +- Queueing 2 parent record(s) for generation 28

CH Kansa's Invader Of Aquarius
------------------------------------------------------------------------
Generation 27
  +- Searching AKC by name
  +- Trying AKC name candidate: CH Kansa's Invader Of Aquarius
  +- Trying AKC name candidate: Kansa's Invader Of Aquarius
  +- Resolved AKC identity: CH Kansa's Invader Of Aquarius (WG160572)
  +- Reading MyAKC Dog Information
  +- Generating compact Herding Test/Trial PDF
  +- Saved record as akc:WG160572
  +- Removing processed Dog of Interest from MyAKC
  +- Queueing 1 parent record(s) for generation 28

Pikes Haven Majestic Morgan
------------------------------------------------------------------------
Generation 27
  +- Searching AKC by name
  +- Trying AKC name candidate: Pikes Haven Majestic Morgan
  +- Resolved AKC identity: Pikes Haven Majestic Morgan (WP32559201)
  +- Reading MyAKC Dog Information
  +- Generating compact Herding Test/Trial PDF
  +- Saved record as akc:WP32559201
  +- Removing processed Dog of Interest from MyAKC
  +- Queueing 2 parent record(s) for generation 28

Kimbertal's Titanic II
------------------------------------------------------------------------
Generation 27
  +- Searching AKC by name
  +- Trying AKC name candidate: Kimbertal's Titanic II
  +- Trying AKC name candidate: Kimbertal's Titanic
  +- Resolved AKC identity: Kimbertal's Titanic II (WG358495)
  +- Reading MyAKC Dog Information
  +- Generating compact Herding Test/Trial PDF
  +- Saved record as akc:WG358495
  +- Removing processed Dog of Interest from MyAKC
  +- Queueing 2 parent record(s) for generation 28

Kimbertal's Nibbler's Choice
------------------------------------------------------------------------
Generation 27
  +- Searching AKC by name
  +- Trying AKC name candidate: Kimbertal's Nibbler's Choice
  +- Resolved AKC identity: Kimbertal's Nibbler's Choice (WF683180)
  +- Reading MyAKC Dog Information
  +- Generating compact Herding Test/Trial PDF
  +- Saved record as akc:WF683180
  +- Removing processed Dog of Interest from MyAKC
  +- Queueing 2 parent record(s) for generation 28

CH Angel N Disguise V Pell
------------------------------------------------------------------------
Generation 27
  +- Searching AKC by name
  +- Trying AKC name candidate: CH Angel N Disguise V Pell
  +- Trying AKC name candidate: Angel N Disguise V Pell
  +- Resolved AKC identity: CH Angel N Disguise V Pell (WF615132)
  +- Reading MyAKC Dog Information
  +- Generating compact Herding Test/Trial PDF
  +- Saved record as akc:WF615132
  +- Removing processed Dog of Interest from MyAKC
  +- Queueing 2 parent record(s) for generation 28

Kimbertals Red Cloak-N-Dager CD
------------------------------------------------------------------------
Generation 27
  +- Searching AKC by name
  +- Trying AKC name candidate: Kimbertals Red Cloak-N-Dager CD
  +- Trying AKC name candidate: Kimbertals Red Cloak-N-Dager
  +- Resolved AKC identity: Kimbertals Red Cloak-N-Dager CD (WG492593)
  +- Reading MyAKC Dog Information
  +- Generating compact Herding Test/Trial PDF
  +- Saved record as akc:WG492593
  +- Removing processed Dog of Interest from MyAKC
  +- Queueing 2 parent record(s) for generation 28

Lindsay Sue Von Kimbertal
------------------------------------------------------------------------
Generation 27
  +- Searching AKC by name
  +- Trying AKC name candidate: Lindsay Sue Von Kimbertal
  +- Resolved AKC identity: Lindsay Sue Von Kimbertal (WP31844302)
  +- Reading MyAKC Dog Information
  +- Generating compact Herding Test/Trial PDF
  +- Saved record as akc:WP31844302
  +- Removing processed Dog of Interest from MyAKC
  +- Queueing 2 parent record(s) for generation 28

Baron's Boy Sampson
------------------------------------------------------------------------
Generation 27
  +- Searching AKC by name
  +- Trying AKC name candidate: Baron's Boy Sampson
  +- Resolved AKC identity: Baron's Boy Sampson (WP23331501)
  +- Reading MyAKC Dog Information
  +- Generating compact Herding Test/Trial PDF
  +- Saved record as akc:WP23331501
  +- Removing processed Dog of Interest from MyAKC
  +- Queueing 2 parent record(s) for generation 28

Jackie Smilen
------------------------------------------------------------------------
Generation 27
  +- Searching AKC by name
  +- Trying AKC name candidate: Jackie Smilen
  +- Resolved AKC identity: Jackie Smilen (WP27181101)
  +- Reading MyAKC Dog Information
  +- Generating compact Herding Test/Trial PDF
  +- Saved record as akc:WP27181101
  +- Removing processed Dog of Interest from MyAKC
  +- Queueing 2 parent record(s) for generation 28

Chivato Bocephus Blue
------------------------------------------------------------------------
Generation 27
  +- Searching AKC by name
  +- Trying AKC name candidate: Chivato Bocephus Blue
  +- Resolved AKC identity: Chivato Bocephus Blue (WG302239)
  +- Reading MyAKC Dog Information
  +- Generating compact Herding Test/Trial PDF
  +- Saved record as akc:WG302239
  +- Removing processed Dog of Interest from MyAKC
  +- Queueing 2 parent record(s) for generation 28

Abigail D'Isabeau
------------------------------------------------------------------------
Generation 27
  +- Searching AKC by name
  +- Trying AKC name candidate: Abigail D'Isabeau
  +- Resolved AKC identity: Abigail D'Isabeau (WG311109)
  +- Reading MyAKC Dog Information
  +- Generating compact Herding Test/Trial PDF
  +- Saved record as akc:WG311109
  +- Removing processed Dog of Interest from MyAKC
  +- Queueing 2 parent record(s) for generation 28

Captain Kid's Black Hawk
------------------------------------------------------------------------
Generation 27
  +- Searching AKC by name
  +- Trying AKC name candidate: Captain Kid's Black Hawk
  +- Resolved AKC identity: Captain Kid's Black Hawk (WG400241)
  +- Reading MyAKC Dog Information
  +- Generating compact Herding Test/Trial PDF
  +- Saved record as akc:WG400241
  +- Removing processed Dog of Interest from MyAKC

Kimbertal's Dolma
------------------------------------------------------------------------
Generation 27
  +- Searching AKC by name
  +- Trying AKC name candidate: Kimbertal's Dolma
  +- Resolved AKC identity: Kimbertal's Dolma (WP50362604)
  +- Reading MyAKC Dog Information
  +- Generating compact Herding Test/Trial PDF
  +- Saved record as akc:WP50362604
  +- Removing processed Dog of Interest from MyAKC
  +- Queueing 1 parent record(s) for generation 28

CH Magistic's Tophat
------------------------------------------------------------------------
Generation 27
  +- Searching AKC by name
  +- Trying AKC name candidate: CH Magistic's Tophat
  +- Trying AKC name candidate: Magistic's Tophat
  +- Resolved AKC identity: CH Magistic's Tophat (WF792747)
  +- Reading MyAKC Dog Information
  +- Generating compact Herding Test/Trial PDF
  +- Saved record as akc:WF792747
  +- Removing processed Dog of Interest from MyAKC
  +- Queueing 1 parent record(s) for generation 28

Kimbertal's Tasha Stonewall
------------------------------------------------------------------------
Generation 27
  +- Searching AKC by name
  +- Trying AKC name candidate: Kimbertal's Tasha Stonewall
  +- Resolved AKC identity: Kimbertal's Tasha Stonewall (WP32710109)
  +- Reading MyAKC Dog Information
  +- Generating compact Herding Test/Trial PDF
  +- Saved record as akc:WP32710109
  +- Removing processed Dog of Interest from MyAKC
  +- Queueing 2 parent record(s) for generation 28

Askan Vom Worringer Bruch
------------------------------------------------------------------------
Generation 27
  +- Searching AKC by name
  +- Trying AKC name candidate: Askan Vom Worringer Bruch
  +- Resolved AKC identity: Askan Vom Worringer Bruch (WG307805)
  +- Reading MyAKC Dog Information
  +- Generating compact Herding Test/Trial PDF
  +- Saved record as akc:WG307805
  +- Removing processed Dog of Interest from MyAKC
  +- Queueing 2 parent record(s) for generation 28

Chiwa Von Der Klosterweide
------------------------------------------------------------------------
Generation 27
  +- Searching AKC by name
  +- Trying AKC name candidate: Chiwa Von Der Klosterweide
  +- Resolved AKC identity: Chiwa Von Der Klosterweide (WG075010)
  +- Reading MyAKC Dog Information
  +- Generating compact Herding Test/Trial PDF
  +- Saved record as akc:WG075010
  +- Removing processed Dog of Interest from MyAKC
  +- Queueing 2 parent record(s) for generation 28

Prince Ivan Von Kimbertal
------------------------------------------------------------------------
Generation 27
  +- Searching AKC by name
  +- Trying AKC name candidate: Prince Ivan Von Kimbertal
  +- Resolved AKC identity: Prince Ivan Von Kimbertal (WG343798)
  +- Reading MyAKC Dog Information
  +- Generating compact Herding Test/Trial PDF
  +- Saved record as akc:WG343798
  +- Removing processed Dog of Interest from MyAKC
  +- Queueing 2 parent record(s) for generation 28

Hanna's Choice V Kimbertal
------------------------------------------------------------------------
Generation 27
  +- Searching AKC by name
  +- Trying AKC name candidate: Hanna's Choice V Kimbertal
  +- Resolved AKC identity: Hanna's Choice V Kimbertal (WG213799)
  +- Reading MyAKC Dog Information
  +- Generating compact Herding Test/Trial PDF
  +- Saved record as akc:WG213799
  +- Removing processed Dog of Interest from MyAKC
  +- Queueing 1 parent record(s) for generation 28

Edinburgh's Mona By Demetrius
------------------------------------------------------------------------
Generation 27
+- Reusing local PDF by normalized name: AHN999_100354999689WC52376119092026054922558.pdf
+- Using existing checkpoint (resolved_from_pdf_cache)
  +- Queueing 1 parent record(s) for generation 28

CH Kroysing's Duke Ellington
------------------------------------------------------------------------
Generation 27
+- Reusing local PDF by normalized name: AHN999_100354999689WC80306819092026013810700.pdf
+- Using existing checkpoint (resolved_from_pdf_cache)
  +- Queueing 1 parent record(s) for generation 28

Phoebe Of Schwarz
------------------------------------------------------------------------
Generation 27
  +- Searching AKC by name
  +- Trying AKC name candidate: Phoebe Of Schwarz
  +- Resolved AKC identity: Phoebe Of Schwarz (WE143549)
  +- Reading MyAKC Dog Information
  +- Generating compact Herding Test/Trial PDF
  +- Saved record as akc:WE143549
  +- Removing processed Dog of Interest from MyAKC
  +- Queueing 2 parent record(s) for generation 28

Wolf Gang Satan
------------------------------------------------------------------------
Generation 27
  +- Searching AKC by name
  +- Trying AKC name candidate: Wolf Gang Satan
  +- Resolved AKC identity: Wolf Gang Satan (WF680644)
  +- Reading MyAKC Dog Information
  +- Generating compact Herding Test/Trial PDF
  +- Saved record as akc:WF680644
  +- Removing processed Dog of Interest from MyAKC
  +- Queueing 2 parent record(s) for generation 28

Contessa Liz Demarra
------------------------------------------------------------------------
Generation 27
  +- Searching AKC by name
  +- Trying AKC name candidate: Contessa Liz Demarra
  +- Resolved AKC identity: Contessa Liz Demarra (WF625242)
  +- Reading MyAKC Dog Information
  +- Generating compact Herding Test/Trial PDF
  +- Saved record as akc:WF625242
  +- Removing processed Dog of Interest from MyAKC
  +- Queueing 2 parent record(s) for generation 28

Poekoelan Tjimindie
------------------------------------------------------------------------
Generation 27
  +- Searching AKC by name
  +- Trying AKC name candidate: Poekoelan Tjimindie
  +- Resolved AKC identity: Poekoelan Tjimindie (WD082784)
  +- Reading MyAKC Dog Information
  +- Generating compact Herding Test/Trial PDF
  +- Saved record as akc:WD082784
  +- Removing processed Dog of Interest from MyAKC
  +- Queueing 2 parent record(s) for generation 28

Duches Von Stehle
------------------------------------------------------------------------
Generation 27
  +- Searching AKC by name
  +- Trying AKC name candidate: Duches Von Stehle
  +- Resolved AKC identity: Duches Von Stehle (WE490406)
  +- Reading MyAKC Dog Information
  +- Generating compact Herding Test/Trial PDF
  +- Saved record as akc:WE490406
  +- Removing processed Dog of Interest from MyAKC
  +- Queueing 2 parent record(s) for generation 28

Arno v Burse CDX
------------------------------------------------------------------------
Generation 27
  +- Searching AKC by name
  +- Trying AKC name candidate: Arno v Burse CDX
  +- Trying AKC name candidate: Arno v Burse
  +- AKC name lookup: not_found
  +- Checking DobeQuest identity index
    +- DobeQuest match 16867 → AKC A496006
    +- Trying AKC number lookup: A496006
    +- DobeQuest-only profile 16867; skipping AKC PDF

Lotta of Lindengrus
------------------------------------------------------------------------
Generation 27
  +- Searching AKC by name
  +- Trying AKC name candidate: Lotta of Lindengrus
  +- AKC name lookup: not_found
  +- Checking DobeQuest identity index
    +- DobeQuest match 47032 → AKC A612368
    +- Trying AKC number lookup: A612368
    +- DobeQuest-only profile 47032; skipping AKC PDF

Faust vd Triumphforte
------------------------------------------------------------------------
Generation 27
  +- Searching AKC by name
  +- Trying AKC name candidate: Faust vd Triumphforte
  +- AKC name lookup: not_found
  +- Checking DobeQuest identity index
    +- DobeQuest-only profile 47109; skipping AKC PDF

Bona v Loeknitz
------------------------------------------------------------------------
Generation 27
  +- Searching AKC by name
  +- Trying AKC name candidate: Bona v Loeknitz
  +- AKC name lookup: not_found
  +- Checking DobeQuest identity index
    +- DobeQuest-only profile 11049; skipping AKC PDF

Droll v Wehrenfeld
------------------------------------------------------------------------
Generation 27
  +- Searching AKC by name
  +- Trying AKC name candidate: Droll v Wehrenfeld
  +- AKC name lookup: not_found
  +- Checking DobeQuest identity index
    +- DobeQuest-only profile 33941; skipping AKC PDF

Dolf v Bergstrasse
------------------------------------------------------------------------
Generation 27
  +- Searching AKC by name
  +- Trying AKC name candidate: Dolf v Bergstrasse
  +- AKC name lookup: not_found
  +- Checking DobeQuest identity index
    +- DobeQuest-only profile 22326; skipping AKC PDF

Anni v Hohen Esp
------------------------------------------------------------------------
Generation 27
  +- Searching AKC by name
  +- Trying AKC name candidate: Anni v Hohen Esp
  +- AKC name lookup: not_found
  +- Checking DobeQuest identity index
    +- DobeQuest-only profile 48106; skipping AKC PDF

Tora vd Blankenburg
------------------------------------------------------------------------
Generation 27
  +- Searching AKC by name
  +- Trying AKC name candidate: Tora vd Blankenburg
  +- AKC name lookup: not_found
  +- Checking DobeQuest identity index
    +- DobeQuest-only profile 15951; skipping AKC PDF

DV Sgr & Am Ch Benno v Burgholz
------------------------------------------------------------------------
Generation 27
  +- Searching AKC by name
  +- Trying AKC name candidate: DV Sgr & Am Ch Benno v Burgholz
  +- AKC name lookup: not_found
  +- Checking DobeQuest identity index
    +- DobeQuest match 10932 → AKC 393913
    +- Trying AKC number lookup: 393913
    +- DobeQuest-only profile 10932; skipping AKC PDF

Prinsessin Latoska vd Koningstad
------------------------------------------------------------------------
Generation 27
  +- Searching AKC by name
  +- Trying AKC name candidate: Prinsessin Latoska vd Koningstad
  +- AKC name lookup: not_found
  +- Checking DobeQuest identity index
    +- DobeQuest-only profile 48158; skipping AKC PDF

Isalberti
------------------------------------------------------------------------
Generation 27
  +- Searching AKC by name
  +- Trying AKC name candidate: Isalberti
  +- AKC name lookup: not_found
  +- Checking DobeQuest identity index
    +- DobeQuest-only profile 48161; skipping AKC PDF

Astarte
------------------------------------------------------------------------
Generation 27
+- Reusing local PDF by normalized name: AHN999_100354999689WC11013819092026015445831.pdf
+- Using existing checkpoint (resolved_from_pdf_cache)
  +- Queueing 1 parent record(s) for generation 28

Bruno v Wittmund
------------------------------------------------------------------------
Generation 27
  +- Searching AKC by name
  +- Trying AKC name candidate: Bruno v Wittmund
  +- AKC name lookup: not_found
  +- Checking DobeQuest identity index
    +- DobeQuest-only profile 17377; skipping AKC PDF

Flora Rheich II
------------------------------------------------------------------------
Generation 27
  +- Searching AKC by name
  +- Trying AKC name candidate: Flora Rheich II
  +- Trying AKC name candidate: Flora Rheich
  +- AKC name lookup: not_found
  +- Checking DobeQuest identity index
    +- DobeQuest-only profile 18781; skipping AKC PDF

Tierr Del Valor Warrior
------------------------------------------------------------------------
Generation 27
+- Reusing local PDF by normalized name: AHN999_100354999689WB7949752209202601105996.pdf
+- Using existing checkpoint (resolved_from_pdf_cache)
  +- Queueing 2 parent record(s) for generation 28

Payah Von Tannewald
------------------------------------------------------------------------
Generation 27
+- Reusing local PDF by normalized name: AHN999_100354999689WB01577822092026011145574.pdf
+- Using existing checkpoint (resolved_from_pdf_cache)
  +- Queueing 1 parent record(s) for generation 28

Bob-Bet's Tushima
------------------------------------------------------------------------
Generation 27
+- Reusing local PDF by normalized name: AHN999_100354999689WA93245122092026011231896.pdf
+- Using existing checkpoint (resolved_from_pdf_cache)

Hays' Sampson Von Bismark
------------------------------------------------------------------------
Generation 27
+- Reusing local PDF by normalized name: AHN999_100354999689WA76944619092026030816961.pdf
+- Using existing checkpoint (resolved_from_pdf_cache)
  +- Queueing 2 parent record(s) for generation 28

Dutchess T-Bonevon White
------------------------------------------------------------------------
Generation 27
+- Reusing local PDF by normalized name: AHN999_100354999689WA87883922092026011324358.pdf
+- Using existing checkpoint (resolved_from_pdf_cache)
  +- Queueing 2 parent record(s) for generation 28

Shebass Kristina Von Stuber
------------------------------------------------------------------------
Generation 27
+- Reusing local PDF by normalized name: AHN999_100354999689WB14305019092026044759287.pdf
+- Using existing checkpoint (resolved_from_pdf_cache)
  +- Queueing 2 parent record(s) for generation 28

Max v Isenburg (1913)
------------------------------------------------------------------------
Generation 27
  +- Searching AKC by name
  +- Trying AKC name candidate: Max v Isenburg (1913)
  +- AKC name lookup: not_found
  +- Checking DobeQuest identity index
    +- DobeQuest-only profile 13280; skipping AKC PDF

Zara v Friedewald
------------------------------------------------------------------------
Generation 27
  +- Searching AKC by name
  +- Trying AKC name candidate: Zara v Friedewald
  +- AKC name lookup: not_found
  +- Checking DobeQuest identity index
    +- DobeQuest-only profile 47142; skipping AKC PDF

Ida v Hornegg
------------------------------------------------------------------------
Generation 27
  +- Searching AKC by name
  +- Trying AKC name candidate: Ida v Hornegg
  +- AKC name lookup: not_found
  +- Checking DobeQuest identity index
    +- DobeQuest match 18794 → AKC 534315
    +- Trying AKC number lookup: 534315
  +- Resolved AKC identity: Nocturnal Rattler (534315)
  +- Reading MyAKC Dog Information
  +- DobeQuest AKC mismatch: MyAKC returned Nocturnal Rattler (Treeing Walker Coonhound)

Adie v Reyem
------------------------------------------------------------------------
Generation 27
  +- Searching AKC by name
  +- Trying AKC name candidate: Adie v Reyem
  +- AKC name lookup: not_found
  +- Checking DobeQuest identity index
    +- DobeQuest match 34690 → AKC 517408
    +- Trying AKC number lookup: 517408
    +- DobeQuest-only profile 34690; skipping AKC PDF

Sgr Ch Prinz Carlo's Lady
------------------------------------------------------------------------
Generation 27
  +- Searching AKC by name
  +- Trying AKC name candidate: Sgr Ch Prinz Carlo's Lady
  +- AKC name lookup: not_found
  +- Checking DobeQuest identity index
    +- DobeQuest match 27140 → AKC 461214
    +- Trying AKC number lookup: 461214
    +- DobeQuest-only profile 27140; skipping AKC PDF

Ostmarks Storm
------------------------------------------------------------------------
Generation 27
+- Reusing local PDF by normalized name: AHN999_100354999689WA20719219092026091850491.pdf
+- Using existing checkpoint (resolved_from_pdf_cache)
  +- Queueing 1 parent record(s) for generation 28

Dutchess De John Of Winston
------------------------------------------------------------------------
Generation 27
+- Reusing local PDF by normalized name: AHN999_100354999689WA83546819092026091902117.pdf
+- Using existing checkpoint (resolved_from_pdf_cache)
  +- Queueing 2 parent record(s) for generation 28

Lotte
------------------------------------------------------------------------
Generation 28
+- Reusing local PDF by normalized name: AHN999_100354999689WD05021722092026011454270.pdf
+- Using existing checkpoint (resolved_from_pdf_cache)
  +- Queueing 2 parent record(s) for generation 29

Siegenot v Thueringen
------------------------------------------------------------------------
Generation 28
  +- Searching AKC by name
  +- Trying AKC name candidate: Siegenot v Thueringen
  +- AKC name lookup: not_found
  +- Checking DobeQuest identity index
    +- DobeQuest-only profile 17375; skipping AKC PDF

Graefin Argo v Warteberg
------------------------------------------------------------------------
Generation 28
  +- Searching AKC by name
  +- Trying AKC name candidate: Graefin Argo v Warteberg
  +- AKC name lookup: not_found
  +- Checking DobeQuest identity index
    +- DobeQuest-only profile 17376; skipping AKC PDF

A Rappo of Pontchartrain
------------------------------------------------------------------------
Generation 28
  +- Searching AKC by name
  +- Trying AKC name candidate: A Rappo of Pontchartrain
  +- AKC name lookup: not_found
  +- Checking DobeQuest identity index
    +- DobeQuest match 49750 → AKC 439031
    +- Trying AKC number lookup: 439031
  +- Resolved AKC identity: Beech Fork Stylish Cindy (439031)
  +- Reading MyAKC Dog Information
  +- DobeQuest AKC mismatch: MyAKC returned Beech Fork Stylish Cindy (Treeing Walker Coonhound)

Kona v Nibelungenhort
------------------------------------------------------------------------
Generation 28
  +- Searching AKC by name
  +- Trying AKC name candidate: Kona v Nibelungenhort
  +- AKC name lookup: not_found
  +- Checking DobeQuest identity index
    +- DobeQuest match 51278 → AKC 647954
    +- Trying AKC number lookup: 647954
    +- DobeQuest-only profile 51278; skipping AKC PDF

Anita of Pontchartrain
------------------------------------------------------------------------
Generation 28
  +- Searching AKC by name
  +- Trying AKC name candidate: Anita of Pontchartrain
  +- AKC name lookup: not_found
  +- Checking DobeQuest identity index
    +- DobeQuest match 28231 → AKC 658425
    +- Trying AKC number lookup: 658425
    +- DobeQuest-only profile 28231; skipping AKC PDF

Grayling's Freya v Stresow
------------------------------------------------------------------------
Generation 28
  +- Searching AKC by name
  +- Trying AKC name candidate: Grayling's Freya v Stresow
  +- AKC name lookup: not_found
  +- Checking DobeQuest identity index
    +- DobeQuest match 51160 → AKC 422451
    +- Trying AKC number lookup: 422451
  +- Resolved AKC identity: Glafko Du Clos Du Nord (422451)
  +- Reading MyAKC Dog Information
  +- DobeQuest AKC mismatch: MyAKC returned Glafko Du Clos Du Nord (Beauceron)

Nora vd Blankenburg
------------------------------------------------------------------------
Generation 28
  +- Searching AKC by name
  +- Trying AKC name candidate: Nora vd Blankenburg
  +- AKC name lookup: not_found
  +- Checking DobeQuest identity index
    +- DobeQuest-only profile 18864; skipping AKC PDF

Geroi v Krondatjeu
------------------------------------------------------------------------
Generation 28
  +- Searching AKC by name
  +- Trying AKC name candidate: Geroi v Krondatjeu
  +- AKC name lookup: not_found
  +- Checking DobeQuest identity index
    +- DobeQuest-only profile 47172; skipping AKC PDF

Asta v Panke
------------------------------------------------------------------------
Generation 28
  +- Searching AKC by name
  +- Trying AKC name candidate: Asta v Panke
  +- AKC name lookup: not_found
  +- Checking DobeQuest identity index
    +- DobeQuest match 17503 → AKC 553219
    +- Trying AKC number lookup: 553219
  +- Resolved AKC identity: Dake's Sammie P (553219)
  +- Reading MyAKC Dog Information
  +- DobeQuest AKC mismatch: MyAKC returned Dake's Sammie P (Beagle)

Kuno-1039
------------------------------------------------------------------------
Generation 28
  +- Searching AKC by name
  +- Trying AKC name candidate: Kuno-1039
  +- AKC name lookup: not_found
  +- Checking DobeQuest identity index
    +- DobeQuest-only profile 58041; skipping AKC PDF

Ayllee Triesch
------------------------------------------------------------------------
Generation 28
  +- Searching AKC by name
  +- Trying AKC name candidate: Ayllee Triesch
  +- AKC name lookup: not_found
  +- Checking DobeQuest identity index
    +- DobeQuest-only profile 58042; skipping AKC PDF

Arnfried v Breitenstein
------------------------------------------------------------------------
Generation 28
  +- Searching AKC by name
  +- Trying AKC name candidate: Arnfried v Breitenstein
  +- AKC name lookup: not_found
  +- Checking DobeQuest identity index
    +- DobeQuest-only profile 48361; skipping AKC PDF

DV Siegerin Centa v Rinkenbuehl
------------------------------------------------------------------------
Generation 28
  +- Searching AKC by name
  +- Trying AKC name candidate: DV Siegerin Centa v Rinkenbuehl
  +- AKC name lookup: not_found
  +- Checking DobeQuest identity index
    +- DobeQuest match 34316 → AKC 316606
    +- Trying AKC number lookup: 316606
  +- Resolved AKC identity: Bella Vom Barenfels (316606)
  +- Reading MyAKC Dog Information
  +- DobeQuest AKC mismatch: MyAKC returned Bella Vom Barenfels (Rottweiler)

Cuno vd Rehhutte
------------------------------------------------------------------------
Generation 28
  +- Searching AKC by name
  +- Trying AKC name candidate: Cuno vd Rehhutte
  +- AKC name lookup: not_found
  +- Checking DobeQuest identity index
    +- DobeQuest-only profile 48167; skipping AKC PDF

Annette vd Rehhutte
------------------------------------------------------------------------
Generation 28
  +- Searching AKC by name
  +- Trying AKC name candidate: Annette vd Rehhutte
  +- AKC name lookup: not_found
  +- Checking DobeQuest identity index
    +- DobeQuest-only profile 48168; skipping AKC PDF

Arco vd Drehbrucke
------------------------------------------------------------------------
Generation 28
  +- Searching AKC by name
  +- Trying AKC name candidate: Arco vd Drehbrucke
  +- AKC name lookup: not_found
  +- Checking DobeQuest identity index
    +- DobeQuest-only profile 48173; skipping AKC PDF

Aja v Zapplin
------------------------------------------------------------------------
Generation 28
  +- Searching AKC by name
  +- Trying AKC name candidate: Aja v Zapplin
  +- AKC name lookup: not_found
  +- Checking DobeQuest identity index
    +- DobeQuest-only profile 48174; skipping AKC PDF

Regina vd Karlshohe
------------------------------------------------------------------------
Generation 28
  +- Searching AKC by name
  +- Trying AKC name candidate: Regina vd Karlshohe
  +- AKC name lookup: not_found
  +- Checking DobeQuest identity index
    +- DobeQuest-only profile 49616; skipping AKC PDF

Dando de Haven
------------------------------------------------------------------------
Generation 28
  +- Searching AKC by name
  +- Trying AKC name candidate: Dando de Haven
  +- AKC name lookup: not_found
  +- Checking DobeQuest identity index
    +- DobeQuest-only profile 33305; skipping AKC PDF

Hulda vd Winterburg
------------------------------------------------------------------------
Generation 28
  +- Searching AKC by name
  +- Trying AKC name candidate: Hulda vd Winterburg
  +- AKC name lookup: not_found
  +- Checking DobeQuest identity index
    +- DobeQuest match 33306 → AKC 668994
    +- Trying AKC number lookup: 668994
    +- DobeQuest-only profile 33306; skipping AKC PDF

Fredegunde v Fernsicht
------------------------------------------------------------------------
Generation 28
  +- Searching AKC by name
  +- Trying AKC name candidate: Fredegunde v Fernsicht
  +- AKC name lookup: not_found
  +- Checking DobeQuest identity index
    +- DobeQuest-only profile 12164; skipping AKC PDF

Jil v Jaegershof
------------------------------------------------------------------------
Generation 28
  +- Searching AKC by name
  +- Trying AKC name candidate: Jil v Jaegershof
  +- AKC name lookup: not_found
  +- Checking DobeQuest identity index
    +- DobeQuest match 49679 → AKC 703280
    +- Trying AKC number lookup: 703280
    +- DobeQuest-only profile 49679; skipping AKC PDF

Muck II v Thueringen
------------------------------------------------------------------------
Generation 28
  +- Searching AKC by name
  +- Trying AKC name candidate: Muck II v Thueringen
  +- AKC name lookup: not_found
  +- Checking DobeQuest identity index
    +- DobeQuest-only profile 15110; skipping AKC PDF

BDSGRN Cordula v Thueringen SchH I
------------------------------------------------------------------------
Generation 28
  +- Searching AKC by name
  +- Trying AKC name candidate: BDSGRN Cordula v Thueringen SchH I
  +- Trying AKC name candidate: BDSGRN Cordula v Thueringen SchH
  +- AKC name lookup: not_found
  +- Checking DobeQuest identity index
    +- DobeQuest-only profile 11432; skipping AKC PDF

Smartly Von Cinnamon
------------------------------------------------------------------------
Generation 28
+- Reusing local PDF by normalized name: AHN999_100354999689WC0459471909202601222666.pdf
+- Using existing checkpoint (resolved_from_pdf_cache)
  +- Queueing 2 parent record(s) for generation 29

Prinzessin Nelly v Lichtenstein
------------------------------------------------------------------------
Generation 28
  +- Searching AKC by name
  +- Trying AKC name candidate: Prinzessin Nelly v Lichtenstein
  +- AKC name lookup: not_found
  +- Checking DobeQuest identity index
    +- DobeQuest-only profile 47188; skipping AKC PDF

King German
------------------------------------------------------------------------
Generation 28
+- Reusing local PDF by normalized name: AHN999_100354999689WB59214719092026012240647.pdf
+- Using existing checkpoint (resolved_from_pdf_cache)
  +- Queueing 2 parent record(s) for generation 29

Linda Lady
------------------------------------------------------------------------
Generation 28
+- Reusing local PDF by normalized name: AHN999_100354999689WB61842519092026012250421.pdf
+- Using existing checkpoint (resolved_from_pdf_cache)
  +- Queueing 2 parent record(s) for generation 29

Rusty Bandit
------------------------------------------------------------------------
Generation 28
+- Reusing local PDF by normalized name: AHN999_100354999689WC32829419092026012302135.pdf
+- Using existing checkpoint (resolved_from_pdf_cache)
  +- Queueing 2 parent record(s) for generation 29

Rusty's Bambi
------------------------------------------------------------------------
Generation 28
+- Reusing local PDF by normalized name: AHN999_100354999689WC3575201909202601231210.pdf
+- Using existing checkpoint (resolved_from_pdf_cache)
  +- Queueing 2 parent record(s) for generation 29

Cyanide
------------------------------------------------------------------------
Generation 28
+- Reusing local PDF by normalized name: AHN999_100354999689WB33217119092026012322931.pdf
+- Using existing checkpoint (resolved_from_pdf_cache)
  +- Queueing 2 parent record(s) for generation 29

Lindo Maynard
------------------------------------------------------------------------
Generation 28
+- Reusing local PDF by normalized name: AHN999_100354999689WD04801019092026012332450.pdf
+- Using existing checkpoint (resolved_from_pdf_cache)
  +- Queueing 2 parent record(s) for generation 29

Knute Von Nox
------------------------------------------------------------------------
Generation 28
+- Reusing local PDF by normalized name: AHN999_100354999689WB71607419092026012342658.pdf
+- Using existing checkpoint (resolved_from_pdf_cache)
  +- Queueing 2 parent record(s) for generation 29

Popa Chica Dorado
------------------------------------------------------------------------
Generation 28
+- Reusing local PDF by normalized name: AHN999_100354999689WC01559019092026012400734.pdf
+- Using existing checkpoint (resolved_from_pdf_cache)
  +- Queueing 2 parent record(s) for generation 29

Ruska v Deutz
------------------------------------------------------------------------
Generation 28
  +- Searching AKC by name
  +- Trying AKC name candidate: Ruska v Deutz
  +- AKC name lookup: not_found
  +- Checking DobeQuest identity index
    +- DobeQuest-only profile 14224; skipping AKC PDF

Busso v Michelhorst
------------------------------------------------------------------------
Generation 28
  +- Searching AKC by name
  +- Trying AKC name candidate: Busso v Michelhorst
  +- AKC name lookup: not_found
  +- Checking DobeQuest identity index
    +- DobeQuest-only profile 15259; skipping AKC PDF

Bella v Hohenstein
------------------------------------------------------------------------
Generation 28
  +- Searching AKC by name
  +- Trying AKC name candidate: Bella v Hohenstein
  +- AKC name lookup: not_found
  +- Checking DobeQuest identity index
    +- DobeQuest-only profile 15260; skipping AKC PDF

Mucken v Thueringen
------------------------------------------------------------------------
Generation 28
  +- Searching AKC by name
  +- Trying AKC name candidate: Mucken v Thueringen
  +- AKC name lookup: not_found
  +- Checking DobeQuest identity index
    +- DobeQuest-only profile 15220; skipping AKC PDF

Elalia v Thueringen
------------------------------------------------------------------------
Generation 28
  +- Searching AKC by name
  +- Trying AKC name candidate: Elalia v Thueringen
  +- AKC name lookup: not_found
  +- Checking DobeQuest identity index
    +- DobeQuest-only profile 15264; skipping AKC PDF

Irma v Eichthal
------------------------------------------------------------------------
Generation 28
  +- Searching AKC by name
  +- Trying AKC name candidate: Irma v Eichthal
  +- AKC name lookup: not_found
  +- Checking DobeQuest identity index
    +- DobeQuest-only profile 15333; skipping AKC PDF

Cool Hand Luke's Denver
------------------------------------------------------------------------
Generation 28
  +- Searching AKC by name
  +- Trying AKC name candidate: Cool Hand Luke's Denver
  +- Resolved AKC identity: Cool Hand Luke's Denver (WP93618206)
  +- Reading MyAKC Dog Information
  +- Generating compact Herding Test/Trial PDF
  +- Saved record as akc:WP93618206
  +- Removing processed Dog of Interest from MyAKC
  +- Queueing 2 parent record(s) for generation 29

Owens' Genuine Gemstone
------------------------------------------------------------------------
Generation 28
  +- Searching AKC by name
  +- Trying AKC name candidate: Owens' Genuine Gemstone
  +- Resolved AKC identity: Owens' Genuine Gemstone (WS01754602)
  +- Reading MyAKC Dog Information
  +- Generating compact Herding Test/Trial PDF
  +- Saved record as akc:WS01754602
  +- Removing processed Dog of Interest from MyAKC
  +- Queueing 2 parent record(s) for generation 29

Bryce Edge's Pinscher
------------------------------------------------------------------------
Generation 28
+- Reusing local PDF by normalized name: AHN999_100354999689WS0392700119092026012902486.pdf
+- Using existing checkpoint (resolved_from_pdf_cache)
  +- Queueing 2 parent record(s) for generation 29

Bailey's Ebony Angel
------------------------------------------------------------------------
Generation 28
+- Reusing local PDF by normalized name: AHN999_100354999689WR0283550119092026012911593.pdf
+- Using existing checkpoint (resolved_from_pdf_cache)
  +- Queueing 2 parent record(s) for generation 29

Stephens Cody Nix
------------------------------------------------------------------------
Generation 28
+- Reusing local PDF by normalized name: AHN999_100354999689WG3273591909202601243620.pdf
+- Using existing checkpoint (resolved_from_pdf_cache)
  +- Queueing 2 parent record(s) for generation 29

Jeff's Lucky Girl
------------------------------------------------------------------------
Generation 28
+- Reusing local PDF by normalized name: AHN999_100354999689WG09456119092026012447826.pdf
+- Using existing checkpoint (resolved_from_pdf_cache)
  +- Queueing 2 parent record(s) for generation 29

Trigger The Ghost McGoo
------------------------------------------------------------------------
Generation 28
+- Reusing local PDF by normalized name: AHN999_100354999689WG22371319092026012457446.pdf
+- Using existing checkpoint (resolved_from_pdf_cache)
  +- Queueing 2 parent record(s) for generation 29

Princess Priscilla VII
------------------------------------------------------------------------
Generation 28
  +- Searching AKC by name
  +- Trying AKC name candidate: Princess Priscilla VII
  +- AKC name lookup: not_found
  +- Checking DobeQuest identity index
    +- No DobeQuest match; saving unresolved status (not_found)

Zane Larue
------------------------------------------------------------------------
Generation 28
+- Reusing local PDF by normalized name: AHN999_100354999689WG01878619092026012511880.pdf
+- Using existing checkpoint (resolved_from_pdf_cache)
  +- Queueing 2 parent record(s) for generation 29

Kar-And's Sable Shadow
------------------------------------------------------------------------
Generation 28
+- Reusing local PDF by normalized name: AHN999_100354999689WG02187219092026012521736.pdf
+- Using existing checkpoint (resolved_from_pdf_cache)
  +- Queueing 2 parent record(s) for generation 29

Barron Satans Warrior
------------------------------------------------------------------------
Generation 28
+- Reusing local PDF by normalized name: AHN999_100354999689WF33290019092026012531594.pdf
+- Using existing checkpoint (resolved_from_pdf_cache)
  +- Queueing 2 parent record(s) for generation 29

Tonka Star Lawrence
------------------------------------------------------------------------
Generation 28
+- Reusing local PDF by normalized name: AHN999_100354999689WF03822119092026012540659.pdf
+- Using existing checkpoint (resolved_from_pdf_cache)
  +- Queueing 2 parent record(s) for generation 29

Jarod's Rebel Ranger
------------------------------------------------------------------------
Generation 28
+- Reusing local PDF by normalized name: AHN999_100354999689WE30226719092026012549488.pdf
+- Using existing checkpoint (resolved_from_pdf_cache)
  +- Queueing 2 parent record(s) for generation 29

Batten's Essence Of Sienna
------------------------------------------------------------------------
Generation 28
+- Reusing local PDF by normalized name: AHN999_100354999689WF10193719092026012559439.pdf
+- Using existing checkpoint (resolved_from_pdf_cache)
  +- Queueing 2 parent record(s) for generation 29

Kimbertal's Joseph
------------------------------------------------------------------------
Generation 28
+- Reusing local PDF by normalized name: AHN999_100354999689WE97472819092026012608667.pdf
+- Using existing checkpoint (resolved_from_pdf_cache)
  +- Queueing 1 parent record(s) for generation 29

Samara Bonnet Garcia
------------------------------------------------------------------------
Generation 28
+- Reusing local PDF by normalized name: AHN999_100354999689WF34644619092026012619859.pdf
+- Using existing checkpoint (resolved_from_pdf_cache)
  +- Queueing 1 parent record(s) for generation 29

Red Cacique Ashcan
------------------------------------------------------------------------
Generation 28
+- Reusing local PDF by normalized name: AHN999_100354999689WE40713019092026012634649.pdf
+- Using existing checkpoint (resolved_from_pdf_cache)
  +- Queueing 2 parent record(s) for generation 29

Hera Taina Isis
------------------------------------------------------------------------
Generation 28
+- Reusing local PDF by normalized name: AHN999_100354999689WE06650719092026012643950.pdf
+- Using existing checkpoint (resolved_from_pdf_cache)
  +- Queueing 2 parent record(s) for generation 29

Napoleon Behean
------------------------------------------------------------------------
Generation 28
  +- Searching AKC by name
  +- Trying AKC name candidate: Napoleon Behean
  +- Resolved AKC identity: Napoleon Behean (WB883719)
  +- Reading MyAKC Dog Information
  +- Generating compact Herding Test/Trial PDF
  +- Saved record as akc:WB883719
  +- Removing processed Dog of Interest from MyAKC
  +- Queueing 2 parent record(s) for generation 29

Maximilian's Black Gypsy
------------------------------------------------------------------------
Generation 28
  +- Searching AKC by name
  +- Trying AKC name candidate: Maximilian's Black Gypsy
  +- Resolved AKC identity: Maximilian's Black Gypsy (WB569585)
  +- Reading MyAKC Dog Information
  +- Generating compact Herding Test/Trial PDF
  +- Saved record as akc:WB569585
  +- Removing processed Dog of Interest from MyAKC
  +- Queueing 1 parent record(s) for generation 29

Retrac's Remuda
------------------------------------------------------------------------
Generation 28
  +- Searching AKC by name
  +- Trying AKC name candidate: Retrac's Remuda
  +- Resolved AKC identity: Retrac's Remuda (WA492804)
  +- Reading MyAKC Dog Information
  +- Generating compact Herding Test/Trial PDF
  +- Saved record as akc:WA492804
  +- Removing processed Dog of Interest from MyAKC
  +- Queueing 1 parent record(s) for generation 29

Thai Von Rauschgift
------------------------------------------------------------------------
Generation 28
+- Reusing local PDF by normalized name: AHN999_100354999689WD83314919092026012711753.pdf
+- Using existing checkpoint (resolved_from_pdf_cache)
  +- Queueing 2 parent record(s) for generation 29

Watkins' Brandagon
------------------------------------------------------------------------
Generation 28
  +- Searching AKC by name
  +- Trying AKC name candidate: Watkins' Brandagon
  +- Resolved AKC identity: Watkins' Brandagon (WD047901)
  +- Reading MyAKC Dog Information
  +- Generating compact Herding Test/Trial PDF
  +- Saved record as akc:WD047901
  +- Removing processed Dog of Interest from MyAKC
  +- Queueing 2 parent record(s) for generation 29

Tagg II
------------------------------------------------------------------------
Generation 28
  +- Searching AKC by name
  +- Trying AKC name candidate: Tagg II
  +- Trying AKC name candidate: Tagg
  +- Resolved AKC identity: Tagg II (WD789932)
  +- Reading MyAKC Dog Information
  +- Generating compact Herding Test/Trial PDF
  +- Saved record as akc:WD789932
  +- Removing processed Dog of Interest from MyAKC
  +- Queueing 2 parent record(s) for generation 29

Miss T II
------------------------------------------------------------------------
Generation 28
  +- Searching AKC by name
  +- Trying AKC name candidate: Miss T II
  +- Trying AKC name candidate: Miss T
  +- AKC name lookup: not_found
  +- Checking DobeQuest identity index
    +- No DobeQuest match; saving unresolved status (not_found)

Frauline Libra Von Hess
------------------------------------------------------------------------
Generation 28
+- Reusing local PDF by normalized name: AHN999_100354999689WD75817419092026012720976.pdf
+- Using existing checkpoint (resolved_from_pdf_cache)
  +- Queueing 2 parent record(s) for generation 29

Felax vd Sternenstrasse
------------------------------------------------------------------------
Generation 28
  +- Searching AKC by name
  +- Trying AKC name candidate: Felax vd Sternenstrasse
  +- AKC name lookup: not_found
  +- Checking DobeQuest identity index
    +- DobeQuest match 33194 → AKC 669320
    +- Trying AKC number lookup: 669320
    +- DobeQuest-only profile 33194; skipping AKC PDF

Nooken v Brandthof
------------------------------------------------------------------------
Generation 28
  +- Searching AKC by name
  +- Trying AKC name candidate: Nooken v Brandthof
  +- AKC name lookup: not_found
  +- Checking DobeQuest identity index
    +- DobeQuest match 33195 → AKC 803284
    +- Trying AKC number lookup: 803284
    +- DobeQuest-only profile 33195; skipping AKC PDF

Hasso v Sigalsburg
------------------------------------------------------------------------
Generation 28
  +- Searching AKC by name
  +- Trying AKC name candidate: Hasso v Sigalsburg
  +- AKC name lookup: not_found
  +- Checking DobeQuest identity index
    +- DobeQuest match 12402 → AKC 695198
    +- Trying AKC number lookup: 695198
    +- DobeQuest-only profile 12402; skipping AKC PDF

Princess Lita of Rhinegold
------------------------------------------------------------------------
Generation 28
  +- Searching AKC by name
  +- Trying AKC name candidate: Princess Lita of Rhinegold
  +- AKC name lookup: not_found
  +- Checking DobeQuest identity index
    +- DobeQuest match 13972 → AKC AKC568913
    +- Trying AKC number lookup: AKC568913
    +- DobeQuest-only profile 13972; skipping AKC PDF

Motzie v Weiss
------------------------------------------------------------------------
Generation 28
  +- Searching AKC by name
  +- Trying AKC name candidate: Motzie v Weiss
  +- AKC name lookup: not_found
  +- Checking DobeQuest identity index
    +- DobeQuest match 60239 → AKC A350636
    +- Trying AKC number lookup: A350636
    +- DobeQuest-only profile 60239; skipping AKC PDF

Hilda v Luckner
------------------------------------------------------------------------
Generation 28
  +- Searching AKC by name
  +- Trying AKC name candidate: Hilda v Luckner
  +- AKC name lookup: not_found
  +- Checking DobeQuest identity index
    +- DobeQuest match 60240 → AKC A319107
    +- Trying AKC number lookup: A319107
    +- DobeQuest-only profile 60240; skipping AKC PDF

Jack XXVII
------------------------------------------------------------------------
Generation 28
  +- Searching AKC by name
  +- Trying AKC name candidate: Jack XXVII
  +- Trying AKC name candidate: Jack
  +- Resolved AKC identity: Jack XXVII (WD161817)
  +- Reading MyAKC Dog Information
  +- Generating compact Herding Test/Trial PDF
  +- Saved record as akc:WD161817
  +- Removing processed Dog of Interest from MyAKC
  +- Queueing 2 parent record(s) for generation 29

Jiggers
------------------------------------------------------------------------
Generation 28
  +- Searching AKC by name
  +- Trying AKC name candidate: Jiggers
  +- Resolved AKC identity: Jiggers (WC555465)
  +- Reading MyAKC Dog Information
  +- Generating compact Herding Test/Trial PDF
  +- Saved record as akc:WC555465
  +- Removing processed Dog of Interest from MyAKC
  +- Queueing 2 parent record(s) for generation 29

Sean's Gallant Thor
------------------------------------------------------------------------
Generation 28
  +- Searching AKC by name
  +- Trying AKC name candidate: Sean's Gallant Thor
  +- Resolved AKC identity: Sean's Gallant Thor (WD339653)
  +- Reading MyAKC Dog Information
  +- Generating compact Herding Test/Trial PDF
  +- Saved record as akc:WD339653
  +- Removing processed Dog of Interest from MyAKC
  +- Queueing 2 parent record(s) for generation 29

Dw's Lady Olga
------------------------------------------------------------------------
Generation 28
  +- Searching AKC by name
  +- Trying AKC name candidate: Dw's Lady Olga
  +- Resolved AKC identity: Dw's Lady Olga (WD303154)
  +- Reading MyAKC Dog Information
  +- Generating compact Herding Test/Trial PDF
  +- Saved record as akc:WD303154
  +- Removing processed Dog of Interest from MyAKC
  +- Queueing 2 parent record(s) for generation 29

Indelible Ink Of Marklynne
------------------------------------------------------------------------
Generation 28
  +- Searching AKC by name
  +- Trying AKC name candidate: Indelible Ink Of Marklynne
  +- Resolved AKC identity: Indelible Ink Of Marklynne (WC126562)
  +- Reading MyAKC Dog Information
  +- Generating compact Herding Test/Trial PDF
  +- Saved record as akc:WC126562
  +- Removing processed Dog of Interest from MyAKC
  +- Queueing 2 parent record(s) for generation 29

Abigail Dotson's Queen Of War
------------------------------------------------------------------------
Generation 28
  +- Searching AKC by name
  +- Trying AKC name candidate: Abigail Dotson's Queen Of War
  +- Resolved AKC identity: Abigail Dotson's Queen Of War (WB556893)
  +- Reading MyAKC Dog Information
  +- Generating compact Herding Test/Trial PDF
  +- Saved record as akc:WB556893
  +- Removing processed Dog of Interest from MyAKC
  +- Queueing 2 parent record(s) for generation 29

Snookie Blane
------------------------------------------------------------------------
Generation 28
  +- Searching AKC by name
  +- Trying AKC name candidate: Snookie Blane
  +- Resolved AKC identity: Snookie Blane (WD929391)
  +- Reading MyAKC Dog Information
  +- Generating compact Herding Test/Trial PDF
  +- Saved record as akc:WD929391
  +- Removing processed Dog of Interest from MyAKC
  +- Queueing 2 parent record(s) for generation 29

Homer's Pride
------------------------------------------------------------------------
Generation 28
  +- Searching AKC by name
  +- Trying AKC name candidate: Homer's Pride
  +- Resolved AKC identity: Homer's Pride (WC985568)
  +- Reading MyAKC Dog Information
  +- Generating compact Herding Test/Trial PDF
  +- Saved record as akc:WC985568
  +- Removing processed Dog of Interest from MyAKC
  +- Queueing 2 parent record(s) for generation 29

Tiffany's Regal Ebomy
------------------------------------------------------------------------
Generation 28
  +- Searching AKC by name
  +- Trying AKC name candidate: Tiffany's Regal Ebomy
  +- Resolved AKC identity: Tiffany's Regal Ebomy (WD734377)
  +- Reading MyAKC Dog Information
  +- Generating compact Herding Test/Trial PDF
  +- Saved record as akc:WD734377
  +- Removing processed Dog of Interest from MyAKC
  +- Queueing 1 parent record(s) for generation 29

Stormy Ace McNight
------------------------------------------------------------------------
Generation 28
  +- Searching AKC by name
  +- Trying AKC name candidate: Stormy Ace McNight
  +- Resolved AKC identity: Stormy Ace McNight (WB794951)
  +- Reading MyAKC Dog Information
  +- Generating compact Herding Test/Trial PDF
  +- Saved record as akc:WB794951
  +- Removing processed Dog of Interest from MyAKC
  +- Queueing 1 parent record(s) for generation 29

Belle Starr
------------------------------------------------------------------------
Generation 28
  +- Searching AKC by name
  +- Trying AKC name candidate: Belle Starr
  +- Resolved AKC identity: Belle Starr (WC420838)
  +- Reading MyAKC Dog Information
  +- Generating compact Herding Test/Trial PDF
  +- Saved record as akc:WC420838
  +- Removing processed Dog of Interest from MyAKC
  +- Queueing 2 parent record(s) for generation 29

Kimbertal's Bagnette
------------------------------------------------------------------------
Generation 28
+- Reusing local PDF by normalized name: AHN999_100354999689WC80140519092026110241576.pdf
+- Using existing checkpoint (resolved_from_pdf_cache)
  +- Queueing 1 parent record(s) for generation 29

Kimbertal's White Stag
------------------------------------------------------------------------
Generation 28
  +- Searching AKC by name
  +- Trying AKC name candidate: Kimbertal's White Stag
  +- Resolved AKC identity: Kimbertal's White Stag (WD515727)
  +- Reading MyAKC Dog Information
  +- Generating compact Herding Test/Trial PDF
  +- Saved record as akc:WD515727
  +- Removing processed Dog of Interest from MyAKC
  +- Queueing 1 parent record(s) for generation 29

Kimbertal's First Snowfall
------------------------------------------------------------------------
Generation 28
  +- Searching AKC by name
  +- Trying AKC name candidate: Kimbertal's First Snowfall
  +- Resolved AKC identity: Kimbertal's First Snowfall (WD538992)
  +- Reading MyAKC Dog Information
  +- Generating compact Herding Test/Trial PDF
  +- Saved record as akc:WD538992
  +- Removing processed Dog of Interest from MyAKC
  +- Queueing 1 parent record(s) for generation 29

Baron Von Doberman III
------------------------------------------------------------------------
Generation 28
  +- Searching AKC by name
  +- Trying AKC name candidate: Baron Von Doberman III
  +- Trying AKC name candidate: Baron Von Doberman
  +- Resolved AKC identity: Baron Von Doberman III (WC672107)
  +- Reading MyAKC Dog Information
  +- Generating compact Herding Test/Trial PDF
  +- Saved record as akc:WC672107
  +- Removing processed Dog of Interest from MyAKC
  +- Queueing 2 parent record(s) for generation 29

Jackie Lee Wheaton
------------------------------------------------------------------------
Generation 28
  +- Searching AKC by name
  +- Trying AKC name candidate: Jackie Lee Wheaton
  +- Resolved AKC identity: Jackie Lee Wheaton (WB724774)
  +- Reading MyAKC Dog Information
  +- Generating compact Herding Test/Trial PDF
  +- Saved record as akc:WB724774
  +- Removing processed Dog of Interest from MyAKC
  +- Queueing 2 parent record(s) for generation 29

Baron Von Maxamillion
------------------------------------------------------------------------
Generation 28
  +- Searching AKC by name
  +- Trying AKC name candidate: Baron Von Maxamillion
  +- Resolved AKC identity: Baron Von Maxamillion (WB596159)
  +- Reading MyAKC Dog Information
  +- Generating compact Herding Test/Trial PDF
  +- Saved record as akc:WB596159
  +- Removing processed Dog of Interest from MyAKC
  +- Queueing 2 parent record(s) for generation 29

Wolfe Den's Cocoa
------------------------------------------------------------------------
Generation 28
  +- Searching AKC by name
  +- Trying AKC name candidate: Wolfe Den's Cocoa
  +- Resolved AKC identity: Wolfe Den's Cocoa (WD055937)
  +- Reading MyAKC Dog Information
  +- Generating compact Herding Test/Trial PDF
  +- Saved record as akc:WD055937
  +- Removing processed Dog of Interest from MyAKC
  +- Queueing 2 parent record(s) for generation 29

Ledge Rock Hell And Tarnation
------------------------------------------------------------------------
Generation 28
  +- Searching AKC by name
  +- Trying AKC name candidate: Ledge Rock Hell And Tarnation
  +- Resolved AKC identity: Ledge Rock Hell And Tarnation (WD734324)
  +- Reading MyAKC Dog Information
  +- Generating compact Herding Test/Trial PDF
  +- Saved record as akc:WD734324
  +- Removing processed Dog of Interest from MyAKC
  +- Queueing 1 parent record(s) for generation 29

Mandy Midnight Lightning
------------------------------------------------------------------------
Generation 28
  +- Searching AKC by name
  +- Trying AKC name candidate: Mandy Midnight Lightning
  +- Resolved AKC identity: Mandy Midnight Lightning (WD418952)
  +- Reading MyAKC Dog Information
  +- Generating compact Herding Test/Trial PDF
  +- Saved record as akc:WD418952
  +- Removing processed Dog of Interest from MyAKC
  +- Queueing 2 parent record(s) for generation 29

Prince Dobonaire Fry
------------------------------------------------------------------------
Generation 28
  +- Searching AKC by name
  +- Trying AKC name candidate: Prince Dobonaire Fry
  +- Resolved AKC identity: Prince Dobonaire Fry (WD319735)
  +- Reading MyAKC Dog Information
  +- Generating compact Herding Test/Trial PDF
  +- Saved record as akc:WD319735
  +- Removing processed Dog of Interest from MyAKC
  +- Queueing 2 parent record(s) for generation 29

Ingrid Marlena
------------------------------------------------------------------------
Generation 28
  +- Searching AKC by name
  +- Trying AKC name candidate: Ingrid Marlena
  +- Resolved AKC identity: Ingrid Marlena (WD273196)
  +- Reading MyAKC Dog Information
  +- Generating compact Herding Test/Trial PDF
  +- Saved record as akc:WD273196
  +- Removing processed Dog of Interest from MyAKC
  +- Queueing 2 parent record(s) for generation 29

Spooky IV
------------------------------------------------------------------------
Generation 28
  +- Searching AKC by name
  +- Trying AKC name candidate: Spooky IV
  +- Trying AKC name candidate: Spooky
  +- Resolved AKC identity: Spooky IV (WC911422)
  +- Reading MyAKC Dog Information
  +- Generating compact Herding Test/Trial PDF
  +- Saved record as akc:WC911422
  +- Removing processed Dog of Interest from MyAKC
  +- Queueing 2 parent record(s) for generation 29

Dobbie Risner
------------------------------------------------------------------------
Generation 28
  +- Searching AKC by name
  +- Trying AKC name candidate: Dobbie Risner
  +- Resolved AKC identity: Dobbie Risner (WC048368)
  +- Reading MyAKC Dog Information
  +- Generating compact Herding Test/Trial PDF
  +- Saved record as akc:WC048368
  +- Removing processed Dog of Interest from MyAKC
  +- Queueing 2 parent record(s) for generation 29

Greenbriers' Rommel
------------------------------------------------------------------------
Generation 28
  +- Searching AKC by name
  +- Trying AKC name candidate: Greenbriers' Rommel
  +- Resolved AKC identity: Greenbriers' Rommel (WB913290)
  +- Reading MyAKC Dog Information
  +- Generating compact Herding Test/Trial PDF
  +- Saved record as akc:WB913290
  +- Removing processed Dog of Interest from MyAKC
  +- Queueing 2 parent record(s) for generation 29

Cin Kit Bedford
------------------------------------------------------------------------
Generation 28
  +- Searching AKC by name
  +- Trying AKC name candidate: Cin Kit Bedford
  +- Resolved AKC identity: Cin Kit Bedford (WB553090)
  +- Reading MyAKC Dog Information
  +- Generating compact Herding Test/Trial PDF
  +- Saved record as akc:WB553090
  +- Removing processed Dog of Interest from MyAKC
  +- Queueing 2 parent record(s) for generation 29

Morgans Fawn-Dove-U
------------------------------------------------------------------------
Generation 28
  +- Searching AKC by name
  +- Trying AKC name candidate: Morgans Fawn-Dove-U
  +- Resolved AKC identity: Morgans Fawn-Dove-U (WD582276)
  +- Reading MyAKC Dog Information
  +- Generating compact Herding Test/Trial PDF
  +- Saved record as akc:WD582276
  +- Removing processed Dog of Interest from MyAKC
  +- Queueing 2 parent record(s) for generation 29

Warlock's Tribal Brandy Wine CD
------------------------------------------------------------------------
Generation 28
  +- Searching AKC by name
  +- Trying AKC name candidate: Warlock's Tribal Brandy Wine CD
  +- Trying AKC name candidate: Warlock's Tribal Brandy Wine
  +- Resolved AKC identity: Warlock's Tribal Brandy Wine CD (WD432690)
  +- Reading MyAKC Dog Information
  +- Generating compact Herding Test/Trial PDF
  +- Saved record as akc:WD432690
  +- Removing processed Dog of Interest from MyAKC
  +- Queueing 2 parent record(s) for generation 29

Zulicks Maxine
------------------------------------------------------------------------
Generation 28
  +- Searching AKC by name
  +- Trying AKC name candidate: Zulicks Maxine
  +- Resolved AKC identity: Zulicks Maxine (WD806997)
  +- Reading MyAKC Dog Information
  +- Generating compact Herding Test/Trial PDF
  +- Saved record as akc:WD806997
  +- Removing processed Dog of Interest from MyAKC
  +- Queueing 2 parent record(s) for generation 29

CH Kansa's Octopussy
------------------------------------------------------------------------
Generation 28
+- Reusing local PDF by normalized name: AHN999_100354999689WF56881919092026115045574.pdf
+- Using existing checkpoint (resolved_from_pdf_cache)

Kimbertal's Ludwinna
------------------------------------------------------------------------
Generation 28
  +- Searching AKC by name
  +- Trying AKC name candidate: Kimbertal's Ludwinna
  +- Resolved AKC identity: Kimbertal's Ludwinna (WG254896)
  +- Reading MyAKC Dog Information
  +- Generating compact Herding Test/Trial PDF
  +- Saved record as akc:WG254896
  +- Removing processed Dog of Interest from MyAKC
  +- Queueing 2 parent record(s) for generation 29

CH Cresthill's Heaven Help Us
------------------------------------------------------------------------
Generation 28
  +- Searching AKC by name
  +- Trying AKC name candidate: CH Cresthill's Heaven Help Us
  +- Trying AKC name candidate: Cresthill's Heaven Help Us
  +- Resolved AKC identity: CH Cresthill's Heaven Help Us (WF002448)
  +- Reading MyAKC Dog Information
  +- Generating compact Herding Test/Trial PDF
  +- Saved record as akc:WF002448
  +- Removing processed Dog of Interest from MyAKC
  +- Queueing 1 parent record(s) for generation 29

Kimbertal's Titaness
------------------------------------------------------------------------
Generation 28
  +- Searching AKC by name
  +- Trying AKC name candidate: Kimbertal's Titaness
  +- Resolved AKC identity: Kimbertal's Titaness (WF855191)
  +- Reading MyAKC Dog Information
  +- Generating compact Herding Test/Trial PDF
  +- Saved record as akc:WF855191
  +- Removing processed Dog of Interest from MyAKC
  +- Queueing 2 parent record(s) for generation 29

CH Diamond's Obvious Choice
------------------------------------------------------------------------
Generation 28
  +- Searching AKC by name
  +- Trying AKC name candidate: CH Diamond's Obvious Choice
  +- Trying AKC name candidate: Diamond's Obvious Choice
  +- Resolved AKC identity: CH Diamond's Obvious Choice (WF310367)
  +- Reading MyAKC Dog Information
  +- Generating compact Herding Test/Trial PDF
  +- Saved record as akc:WF310367
  +- Removing processed Dog of Interest from MyAKC
  +- Queueing 2 parent record(s) for generation 29

Kimbertal's Nibbler
------------------------------------------------------------------------
Generation 28
  +- Searching AKC by name
  +- Trying AKC name candidate: Kimbertal's Nibbler
  +- Resolved AKC identity: Kimbertal's Nibbler (WE690756)
  +- Reading MyAKC Dog Information
  +- Generating compact Herding Test/Trial PDF
  +- Saved record as akc:WE690756
  +- Removing processed Dog of Interest from MyAKC
  +- Queueing 1 parent record(s) for generation 29

CH Freihof's Mark Of Izod Gator
------------------------------------------------------------------------
Generation 28
  +- Searching AKC by name
  +- Trying AKC name candidate: CH Freihof's Mark Of Izod Gator
  +- Trying AKC name candidate: Freihof's Mark Of Izod Gator
  +- Resolved AKC identity: CH Freihof's Mark Of Izod Gator (WF331924)
  +- Reading MyAKC Dog Information
  +- Generating compact Herding Test/Trial PDF
  +- Saved record as akc:WF331924
  +- Removing processed Dog of Interest from MyAKC
  +- Queueing 1 parent record(s) for generation 29

CH Charlie's Dream Angel V Pell CD
------------------------------------------------------------------------
Generation 28
  +- Searching AKC by name
  +- Trying AKC name candidate: CH Charlie's Dream Angel V Pell CD
  +- Trying AKC name candidate: Charlie's Dream Angel V Pell
  +- Resolved AKC identity: CH Charlie's Dream Angel V Pell CD (WE449678)
  +- Reading MyAKC Dog Information
  +- Generating compact Herding Test/Trial PDF
  +- Saved record as akc:WE449678
  +- Removing processed Dog of Interest from MyAKC
  +- Queueing 2 parent record(s) for generation 29

Kimbertal's Mary Rose
------------------------------------------------------------------------
Generation 28
  +- Searching AKC by name
  +- Trying AKC name candidate: Kimbertal's Mary Rose
  +- Resolved AKC identity: Kimbertal's Mary Rose (WG149196)
  +- Reading MyAKC Dog Information
  +- Generating compact Herding Test/Trial PDF
  +- Saved record as akc:WG149196
  +- Removing processed Dog of Interest from MyAKC
  +- Queueing 2 parent record(s) for generation 29

Blue Angel XXIX
------------------------------------------------------------------------
Generation 28
  +- Searching AKC by name
  +- Trying AKC name candidate: Blue Angel XXIX
  +- Trying AKC name candidate: Blue Angel
  +- Resolved AKC identity: Blue Angel XXIX (WG293480)
  +- Reading MyAKC Dog Information
  +- Generating compact Herding Test/Trial PDF
  +- Saved record as akc:WG293480
  +- Removing processed Dog of Interest from MyAKC
  +- Queueing 2 parent record(s) for generation 29

Royal Blue Baron
------------------------------------------------------------------------
Generation 28
  +- Searching AKC by name
  +- Trying AKC name candidate: Royal Blue Baron
  +- Resolved AKC identity: Royal Blue Baron (WF343920)
  +- Reading MyAKC Dog Information
  +- Generating compact Herding Test/Trial PDF
  +- Saved record as akc:WF343920
  +- Removing processed Dog of Interest from MyAKC
  +- Queueing 2 parent record(s) for generation 29

Baroness Bree-Rin
------------------------------------------------------------------------
Generation 28
  +- Searching AKC by name
  +- Trying AKC name candidate: Baroness Bree-Rin
  +- Resolved AKC identity: Baroness Bree-Rin (WG205365)
  +- Reading MyAKC Dog Information
  +- Generating compact Herding Test/Trial PDF
  +- Saved record as akc:WG205365
  +- Removing processed Dog of Interest from MyAKC
  +- Queueing 2 parent record(s) for generation 29

Tria Lasaia-Rin
------------------------------------------------------------------------
Generation 28
  +- Searching AKC by name
  +- Trying AKC name candidate: Tria Lasaia-Rin
  +- Resolved AKC identity: Tria Lasaia-Rin (WG393129)
  +- Reading MyAKC Dog Information
  +- Generating compact Herding Test/Trial PDF
  +- Saved record as akc:WG393129
  +- Removing processed Dog of Interest from MyAKC

Thunder Bolt Bair Sir
------------------------------------------------------------------------
Generation 28
  +- Searching AKC by name
  +- Trying AKC name candidate: Thunder Bolt Bair Sir
  +- Resolved AKC identity: Thunder Bolt Bair Sir (WG000603)
  +- Reading MyAKC Dog Information
  +- Generating compact Herding Test/Trial PDF
  +- Saved record as akc:WG000603
  +- Removing processed Dog of Interest from MyAKC
  +- Queueing 2 parent record(s) for generation 29

Lady Lightning Streak Bair
------------------------------------------------------------------------
Generation 28
  +- Searching AKC by name
  +- Trying AKC name candidate: Lady Lightning Streak Bair
  +- Resolved AKC identity: Lady Lightning Streak Bair (WF986440)
  +- Reading MyAKC Dog Information
  +- Generating compact Herding Test/Trial PDF
  +- Saved record as akc:WF986440
  +- Removing processed Dog of Interest from MyAKC
  +- Queueing 2 parent record(s) for generation 29

Kimbertal's Laura Lee II
------------------------------------------------------------------------
Generation 28
  +- Searching AKC by name
  +- Trying AKC name candidate: Kimbertal's Laura Lee II
  +- Trying AKC name candidate: Kimbertal's Laura Lee
  +- Resolved AKC identity: Kimbertal's Laura Lee II (WG096366)
  +- Reading MyAKC Dog Information
  +- Generating compact Herding Test/Trial PDF
  +- Saved record as akc:WG096366
  +- Removing processed Dog of Interest from MyAKC
  +- Queueing 2 parent record(s) for generation 29

Royaltons Magic Marker
------------------------------------------------------------------------
Generation 28
  +- Searching AKC by name
  +- Trying AKC name candidate: Royaltons Magic Marker
  +- Resolved AKC identity: Royaltons Magic Marker (WF303735)
  +- Reading MyAKC Dog Information
  +- Generating compact Herding Test/Trial PDF
  +- Saved record as akc:WF303735
  +- Removing processed Dog of Interest from MyAKC
  +- Queueing 2 parent record(s) for generation 29

Kimbertal's Kris Of Pocono
------------------------------------------------------------------------
Generation 28
  +- Searching AKC by name
  +- Trying AKC name candidate: Kimbertal's Kris Of Pocono
  +- Resolved AKC identity: Kimbertal's Kris Of Pocono (WG129496)
  +- Reading MyAKC Dog Information
  +- Generating compact Herding Test/Trial PDF
  +- Saved record as akc:WG129496
  +- Removing processed Dog of Interest from MyAKC
  +- Queueing 2 parent record(s) for generation 29

Kimbertal's Choice Lady
------------------------------------------------------------------------
Generation 28
  +- Searching AKC by name
  +- Trying AKC name candidate: Kimbertal's Choice Lady
  +- Resolved AKC identity: Kimbertal's Choice Lady (WG355398)
  +- Reading MyAKC Dog Information
  +- Generating compact Herding Test/Trial PDF
  +- Saved record as akc:WG355398
  +- Removing processed Dog of Interest from MyAKC
  +- Queueing 1 parent record(s) for generation 29

Nicolai V Kloster-Kamp
------------------------------------------------------------------------
Generation 28
  +- Searching AKC by name
  +- Trying AKC name candidate: Nicolai V Kloster-Kamp
  +- AKC name lookup: not_found
  +- Checking DobeQuest identity index
    +- DobeQuest-only profile 3627; skipping AKC PDF

Crusha V D Fliehburg
------------------------------------------------------------------------
Generation 28
  +- Searching AKC by name
  +- Trying AKC name candidate: Crusha V D Fliehburg
  +- AKC name lookup: not_found
  +- Checking DobeQuest identity index
    +- No DobeQuest match; saving unresolved status (not_found)

Ilk V Gaxhardter Wald
------------------------------------------------------------------------
Generation 28
  +- Searching AKC by name
  +- Trying AKC name candidate: Ilk V Gaxhardter Wald
  +- AKC name lookup: not_found
  +- Checking DobeQuest identity index
    +- DobeQuest-only profile 34398; skipping AKC PDF

Biggi Von Der Grafschaft Hoya
------------------------------------------------------------------------
Generation 28
  +- Searching AKC by name
  +- Trying AKC name candidate: Biggi Von Der Grafschaft Hoya
  +- AKC name lookup: not_found
  +- Checking DobeQuest identity index
    +- No DobeQuest match; saving unresolved status (not_found)

Kimbertal's Mystic Beauty
------------------------------------------------------------------------
Generation 28
  +- Searching AKC by name
  +- Trying AKC name candidate: Kimbertal's Mystic Beauty
  +- Resolved AKC identity: Kimbertal's Mystic Beauty (WF742102)
  +- Reading MyAKC Dog Information
  +- Generating compact Herding Test/Trial PDF
  +- Saved record as akc:WF742102
  +- Removing processed Dog of Interest from MyAKC
  +- Queueing 2 parent record(s) for generation 29

Domani's Dorrie By Da Vinci
------------------------------------------------------------------------
Generation 28
+- Reusing local PDF by normalized name: AHN999_100354999689WB76834719092026064432830.pdf
+- Using existing checkpoint (resolved_from_pdf_cache)
  +- Queueing 1 parent record(s) for generation 29

Kirkors Misha
------------------------------------------------------------------------
Generation 28
+- Reusing local PDF by normalized name: AHN999_100354999689WB78860719092026015151524.pdf
+- Using existing checkpoint (resolved_from_pdf_cache)
  +- Queueing 1 parent record(s) for generation 29

Kimbertal's Roarin' To Go
------------------------------------------------------------------------
Generation 28
  +- Searching AKC by name
  +- Trying AKC name candidate: Kimbertal's Roarin' To Go
  +- Resolved AKC identity: Kimbertal's Roarin' To Go (WD515687)
  +- Reading MyAKC Dog Information
  +- Generating compact Herding Test/Trial PDF
  +- Saved record as akc:WD515687
  +- Removing processed Dog of Interest from MyAKC
  +- Queueing 1 parent record(s) for generation 29

Kimbertal's Sweet Honesty II
------------------------------------------------------------------------
Generation 28
  +- Searching AKC by name
  +- Trying AKC name candidate: Kimbertal's Sweet Honesty II
  +- Trying AKC name candidate: Kimbertal's Sweet Honesty
  +- Resolved AKC identity: Kimbertal's Sweet Honesty II (WD948831)
  +- Reading MyAKC Dog Information
  +- Generating compact Herding Test/Trial PDF
  +- Saved record as akc:WD948831
  +- Removing processed Dog of Interest from MyAKC
  +- Queueing 1 parent record(s) for generation 29

Ostroha Black Demon
------------------------------------------------------------------------
Generation 28
  +- Searching AKC by name
  +- Trying AKC name candidate: Ostroha Black Demon
  +- Resolved AKC identity: Ostroha Black Demon (WE411223)
  +- Reading MyAKC Dog Information
  +- Generating compact Herding Test/Trial PDF
  +- Saved record as akc:WE411223
  +- Removing processed Dog of Interest from MyAKC
  +- Queueing 2 parent record(s) for generation 29

Princess Hollman
------------------------------------------------------------------------
Generation 28
  +- Searching AKC by name
  +- Trying AKC name candidate: Princess Hollman
  +- Resolved AKC identity: Princess Hollman (WF249657)
  +- Reading MyAKC Dog Information
  +- Generating compact Herding Test/Trial PDF
  +- Saved record as akc:WF249657
  +- Removing processed Dog of Interest from MyAKC
  +- Queueing 2 parent record(s) for generation 29

Jay Jay's Whiskey River
------------------------------------------------------------------------
Generation 28
  +- Searching AKC by name
  +- Trying AKC name candidate: Jay Jay's Whiskey River
  +- Resolved AKC identity: Jay Jay's Whiskey River (WE956228)
  +- Reading MyAKC Dog Information
  +- Generating compact Herding Test/Trial PDF
  +- Saved record as akc:WE956228
  +- Removing processed Dog of Interest from MyAKC
  +- Queueing 2 parent record(s) for generation 29

Elsa XVIII
------------------------------------------------------------------------
Generation 28
  +- Searching AKC by name
  +- Trying AKC name candidate: Elsa XVIII
  +- Trying AKC name candidate: Elsa
  +- Resolved AKC identity: Elsa XVIII (WD368847)
  +- Reading MyAKC Dog Information
  +- Generating compact Herding Test/Trial PDF
  +- Saved record as akc:WD368847
  +- Removing processed Dog of Interest from MyAKC
  +- Queueing 2 parent record(s) for generation 29

Baron Von Anderson
------------------------------------------------------------------------
Generation 28
  +- Searching AKC by name
  +- Trying AKC name candidate: Baron Von Anderson
  +- Resolved AKC identity: Baron Von Anderson (WC769265)
  +- Reading MyAKC Dog Information
  +- Generating compact Herding Test/Trial PDF
  +- Saved record as akc:WC769265
  +- Removing processed Dog of Interest from MyAKC
  +- Queueing 2 parent record(s) for generation 29

Princess Blue Rust
------------------------------------------------------------------------
Generation 28
  +- Searching AKC by name
  +- Trying AKC name candidate: Princess Blue Rust
  +- Resolved AKC identity: Princess Blue Rust (WB591111)
  +- Reading MyAKC Dog Information
  +- Generating compact Herding Test/Trial PDF
  +- Saved record as akc:WB591111
  +- Removing processed Dog of Interest from MyAKC
  +- Queueing 2 parent record(s) for generation 29

Jaggerz Beau Jef Of Brehm
------------------------------------------------------------------------
Generation 28
  +- Searching AKC by name
  +- Trying AKC name candidate: Jaggerz Beau Jef Of Brehm
  +- Resolved AKC identity: Jaggerz Beau Jef Of Brehm (WD065274)
  +- Reading MyAKC Dog Information
  +- Generating compact Herding Test/Trial PDF
  +- Saved record as akc:WD065274
  +- Removing processed Dog of Interest from MyAKC
  +- Queueing 2 parent record(s) for generation 29

Venus Of Crescent
------------------------------------------------------------------------
Generation 28
  +- Searching AKC by name
  +- Trying AKC name candidate: Venus Of Crescent
  +- Resolved AKC identity: Venus Of Crescent (WD444033)
  +- Reading MyAKC Dog Information
  +- Generating compact Herding Test/Trial PDF
  +- Saved record as akc:WD444033
  +- Removing processed Dog of Interest from MyAKC
  +- Queueing 2 parent record(s) for generation 29

Happy v Bayernstolz
------------------------------------------------------------------------
Generation 28
  +- Searching AKC by name
  +- Trying AKC name candidate: Happy v Bayernstolz
  +- AKC name lookup: not_found
  +- Checking DobeQuest identity index
    +- DobeQuest match 12388 → AKC A329213
    +- Trying AKC number lookup: A329213
    +- DobeQuest-only profile 12388; skipping AKC PDF

Ch Linda v Lindengrus CDX
------------------------------------------------------------------------
Generation 28
  +- Searching AKC by name
  +- Trying AKC name candidate: Ch Linda v Lindengrus CDX
  +- Trying AKC name candidate: Linda v Lindengrus
  +- AKC name lookup: not_found
  +- Checking DobeQuest identity index
    +- DobeQuest match 13044 → AKC A496007
    +- Trying AKC number lookup: A496007
    +- DobeQuest-only profile 13044; skipping AKC PDF

Asta v Loecknitz
------------------------------------------------------------------------
Generation 28
  +- Searching AKC by name
  +- Trying AKC name candidate: Asta v Loecknitz
  +- AKC name lookup: not_found
  +- Checking DobeQuest identity index
    +- DobeQuest-only profile 22269; skipping AKC PDF

DV Sieger Prinz v Brunia
------------------------------------------------------------------------
Generation 28
  +- Searching AKC by name
  +- Trying AKC name candidate: DV Sieger Prinz v Brunia
  +- AKC name lookup: not_found
  +- Checking DobeQuest identity index
    +- DobeQuest-only profile 13985; skipping AKC PDF

Cilli v Wehrenfeld
------------------------------------------------------------------------
Generation 28
  +- Searching AKC by name
  +- Trying AKC name candidate: Cilli v Wehrenfeld
  +- AKC name lookup: not_found
  +- Checking DobeQuest identity index
    +- DobeQuest-only profile 33940; skipping AKC PDF

Heddi v Fernrode
------------------------------------------------------------------------
Generation 28
  +- Searching AKC by name
  +- Trying AKC name candidate: Heddi v Fernrode
  +- AKC name lookup: not_found
  +- Checking DobeQuest identity index
    +- DobeQuest-only profile 22325; skipping AKC PDF

Jock v Fernrode
------------------------------------------------------------------------
Generation 28
  +- Searching AKC by name
  +- Trying AKC name candidate: Jock v Fernrode
  +- AKC name lookup: not_found
  +- Checking DobeQuest identity index
    +- DobeQuest-only profile 48107; skipping AKC PDF

Senta Heyer
------------------------------------------------------------------------
Generation 28
  +- Searching AKC by name
  +- Trying AKC name candidate: Senta Heyer
  +- AKC name lookup: not_found
  +- Checking DobeQuest identity index
    +- DobeQuest-only profile 48108; skipping AKC PDF

Manta of Bornholm
------------------------------------------------------------------------
Generation 28
  +- Searching AKC by name
  +- Trying AKC name candidate: Manta of Bornholm
  +- AKC name lookup: not_found
  +- Checking DobeQuest identity index
    +- DobeQuest match 27129 → AKC 358582
    +- Trying AKC number lookup: 358582
  +- Resolved AKC identity: Ivey's Tess (358582)
  +- Reading MyAKC Dog Information
  +- DobeQuest AKC mismatch: MyAKC returned Ivey's Tess (Treeing Walker Coonhound)

Thea v Jaegerhof
------------------------------------------------------------------------
Generation 28
  +- Searching AKC by name
  +- Trying AKC name candidate: Thea v Jaegerhof
  +- AKC name lookup: not_found
  +- Checking DobeQuest identity index
    +- DobeQuest-only profile 15682; skipping AKC PDF

Sweet Sheba
------------------------------------------------------------------------
Generation 28
+- Reusing local PDF by normalized name: AHN999_100354999689WB31315519092026021534401.pdf
+- Using existing checkpoint (resolved_from_pdf_cache)

Black Baron Von Manchester
------------------------------------------------------------------------
Generation 28
+- Reusing local PDF by normalized name: AHN999_100354999689WB16259922092026012051764.pdf
+- Using existing checkpoint (resolved_from_pdf_cache)

Greta Hildegard
------------------------------------------------------------------------
Generation 28
+- Reusing local PDF by normalized name: AHN999_100354999689WB11806522092026012137797.pdf
+- Using existing checkpoint (resolved_from_pdf_cache)

Norbet's Kaiser
------------------------------------------------------------------------
Generation 28
+- Reusing local PDF by normalized name: AHN999_100354999689WA49219619092026035418927.pdf
+- Using existing checkpoint (resolved_from_pdf_cache)

Trigg's Lady Gretchen
------------------------------------------------------------------------
Generation 28
+- Reusing local PDF by normalized name: AHN999_100354999689WA63795719092026035439755.pdf
+- Using existing checkpoint (resolved_from_pdf_cache)

Nan's Duke Von Heik CD
------------------------------------------------------------------------
Generation 28
+- Reusing local PDF by normalized name: AHN999_100354999689WA07491619092026035339372.pdf
+- Using existing checkpoint (resolved_from_pdf_cache)

Prisi
------------------------------------------------------------------------
Generation 28
+- Reusing local PDF by normalized name: AHN999_100354999689WA83132219092026035349223.pdf
+- Using existing checkpoint (resolved_from_pdf_cache)

Commodore James Bates
------------------------------------------------------------------------
Generation 28
+- Reusing local PDF by normalized name: AHN999_100354999689WB00417619092026054201737.pdf
+- Using existing checkpoint (resolved_from_pdf_cache)

Christina Von Rinkan
------------------------------------------------------------------------
Generation 28
+- Reusing local PDF by normalized name: AHN999_100354999689WA80801619092026054211408.pdf
+- Using existing checkpoint (resolved_from_pdf_cache)

Jochem v Langen
------------------------------------------------------------------------
Generation 28
  +- Searching AKC by name
  +- Trying AKC name candidate: Jochem v Langen
  +- AKC name lookup: not_found
  +- Checking DobeQuest identity index
    +- DobeQuest-only profile 48113; skipping AKC PDF

Hertha Malter
------------------------------------------------------------------------
Generation 28
  +- Searching AKC by name
  +- Trying AKC name candidate: Hertha Malter
  +- AKC name lookup: not_found
  +- Checking DobeQuest identity index
    +- DobeQuest-only profile 48114; skipping AKC PDF

Leda Waldt
------------------------------------------------------------------------
Generation 28
  +- Searching AKC by name
  +- Trying AKC name candidate: Leda Waldt
  +- AKC name lookup: not_found
  +- Checking DobeQuest identity index
    +- DobeQuest-only profile 56286; skipping AKC PDF

Bille v Langerode
------------------------------------------------------------------------
Generation 28
  +- Searching AKC by name
  +- Trying AKC name candidate: Bille v Langerode
  +- AKC name lookup: not_found
  +- Checking DobeQuest identity index
    +- DobeQuest-only profile 18793; skipping AKC PDF

Ch Hans vd Sternallee
------------------------------------------------------------------------
Generation 28
  +- Searching AKC by name
  +- Trying AKC name candidate: Ch Hans vd Sternallee
  +- Trying AKC name candidate: Hans vd Sternallee
  +- AKC name lookup: not_found
  +- Checking DobeQuest identity index
    +- DobeQuest match 47043 → AKC 349691
    +- Trying AKC number lookup: 349691
  +- Resolved AKC identity: Elhew Joy (349691)
  +- Reading MyAKC Dog Information
  +- DobeQuest AKC mismatch: MyAKC returned Elhew Joy (Pointer)

Ch Minestra v Nibelungenhort
------------------------------------------------------------------------
Generation 28
  +- Searching AKC by name
  +- Trying AKC name candidate: Ch Minestra v Nibelungenhort
  +- Trying AKC name candidate: Minestra v Nibelungenhort
  +- AKC name lookup: not_found
  +- Checking DobeQuest identity index
    +- DobeQuest-only profile 47044; skipping AKC PDF

Asta v Mecklenburg
------------------------------------------------------------------------
Generation 28
  +- Searching AKC by name
  +- Trying AKC name candidate: Asta v Mecklenburg
  +- AKC name lookup: not_found
  +- Checking DobeQuest identity index
    +- DobeQuest match 26856 → AKC 406354
    +- Trying AKC number lookup: 406354
  +- Resolved AKC identity: Dominoes Harvest Lass (406354)
  +- Reading MyAKC Dog Information
  +- DobeQuest AKC mismatch: MyAKC returned Dominoes Harvest Lass (Retriever (Labrador))

Highbriar Ionia
------------------------------------------------------------------------
Generation 28
+- Reusing local PDF by normalized name: AHN999_100354999689WA40166019092026100705625.pdf
+- Using existing checkpoint (resolved_from_pdf_cache)
  +- Queueing 1 parent record(s) for generation 29

Prince Enrobria
------------------------------------------------------------------------
Generation 28
+- Reusing local PDF by normalized name: AHN999_100354999689WA40206019092026090012544.pdf
+- Using existing checkpoint (resolved_from_pdf_cache)

Lady Of Buckhorn Inn
------------------------------------------------------------------------
Generation 28
+- Reusing local PDF by normalized name: AHN999_100354999689WA77641519092026100725582.pdf
+- Using existing checkpoint (resolved_from_pdf_cache)

Pandolph's Siegfried Idyll
------------------------------------------------------------------------
Generation 29
+- Reusing local PDF by normalized name: AHN999_100354999689WC91848122092026012312608.pdf
+- Using existing checkpoint (resolved_from_pdf_cache)
  +- Queueing 2 parent record(s) for generation 30

Shasheen Of Marwell
------------------------------------------------------------------------
Generation 29
+- Reusing local PDF by normalized name: AHN999_100354999689WC19247422092026012358445.pdf
+- Using existing checkpoint (resolved_from_pdf_cache)
  +- Queueing 2 parent record(s) for generation 30

Rhea v Thueringen
------------------------------------------------------------------------
Generation 29
  +- Searching AKC by name
  +- Trying AKC name candidate: Rhea v Thueringen
  +- AKC name lookup: not_found
  +- Checking DobeQuest identity index
    +- DobeQuest-only profile 17378; skipping AKC PDF

Helmut v Warteberg
------------------------------------------------------------------------
Generation 29
  +- Searching AKC by name
  +- Trying AKC name candidate: Helmut v Warteberg
  +- AKC name lookup: not_found
  +- Checking DobeQuest identity index
    +- DobeQuest-only profile 18782; skipping AKC PDF

Lotte v Warteberg
------------------------------------------------------------------------
Generation 29
  +- Searching AKC by name
  +- Trying AKC name candidate: Lotte v Warteberg
  +- AKC name lookup: not_found
  +- Checking DobeQuest identity index
    +- DobeQuest-only profile 13096; skipping AKC PDF

Westphalia's Beda Armingardt v Nibelungenhort
------------------------------------------------------------------------
Generation 29
  +- Searching AKC by name
  +- Trying AKC name candidate: Westphalia's Beda Armingardt v Nibelungenhort
  +- AKC name lookup: not_found
  +- Checking DobeQuest identity index
    +- DobeQuest match 32916 → AKC 365519
    +- Trying AKC number lookup: 365519
  +- Resolved AKC identity: Ginger Susanne (Johnson) (365519)
  +- Reading MyAKC Dog Information
  +- DobeQuest AKC mismatch: MyAKC returned Ginger Susanne (Johnson) (Rat Terrier)

Ch Dyno v Wiesengrund
------------------------------------------------------------------------
Generation 29
  +- Searching AKC by name
  +- Trying AKC name candidate: Ch Dyno v Wiesengrund
  +- Trying AKC name candidate: Dyno v Wiesengrund
  +- AKC name lookup: not_found
  +- Checking DobeQuest identity index
    +- DobeQuest match 27002 → AKC 365520
    +- Trying AKC number lookup: 365520
  +- Resolved AKC identity: Ace Williams (365520)
  +- Reading MyAKC Dog Information
  +- DobeQuest AKC mismatch: MyAKC returned Ace Williams (Rat Terrier)

Cora vd Eckardtsburg
------------------------------------------------------------------------
Generation 29
  +- Searching AKC by name
  +- Trying AKC name candidate: Cora vd Eckardtsburg
  +- AKC name lookup: not_found
  +- Checking DobeQuest identity index
    +- DobeQuest-only profile 15952; skipping AKC PDF

Hella v Rinkenbuehl
------------------------------------------------------------------------
Generation 29
  +- Searching AKC by name
  +- Trying AKC name candidate: Hella v Rinkenbuehl
  +- AKC name lookup: not_found
  +- Checking DobeQuest identity index
    +- DobeQuest-only profile 33830; skipping AKC PDF

Bella vd Pleissenburg
------------------------------------------------------------------------
Generation 29
  +- Searching AKC by name
  +- Trying AKC name candidate: Bella vd Pleissenburg
  +- AKC name lookup: not_found
  +- Checking DobeQuest identity index
    +- DobeQuest-only profile 33932; skipping AKC PDF

Horst v Wiesengrund
------------------------------------------------------------------------
Generation 29
  +- Searching AKC by name
  +- Trying AKC name candidate: Horst v Wiesengrund
  +- AKC name lookup: not_found
  +- Checking DobeQuest identity index
    +- DobeQuest-only profile 15961; skipping AKC PDF

Gerhilde v Wiesengrund
------------------------------------------------------------------------
Generation 29
  +- Searching AKC by name
  +- Trying AKC name candidate: Gerhilde v Wiesengrund
  +- AKC name lookup: not_found
  +- Checking DobeQuest identity index
    +- DobeQuest-only profile 48169; skipping AKC PDF

Arko v Wurmannsberg
------------------------------------------------------------------------
Generation 29
  +- Searching AKC by name
  +- Trying AKC name candidate: Arko v Wurmannsberg
  +- AKC name lookup: not_found
  +- Checking DobeQuest identity index
    +- DobeQuest match 26848 → AKC 430890
    +- Trying AKC number lookup: 430890
  +- Resolved AKC identity: Alca's Gonzo (430890)
  +- Reading MyAKC Dog Information
  +- DobeQuest AKC mismatch: MyAKC returned Alca's Gonzo (Bulldog)

Rosa v Schleysheim
------------------------------------------------------------------------
Generation 29
  +- Searching AKC by name
  +- Trying AKC name candidate: Rosa v Schleysheim
  +- AKC name lookup: not_found
  +- Checking DobeQuest identity index
    +- DobeQuest-only profile 27236; skipping AKC PDF

Ansa v Hellberg
------------------------------------------------------------------------
Generation 29
  +- Searching AKC by name
  +- Trying AKC name candidate: Ansa v Hellberg
  +- AKC name lookup: not_found
  +- Checking DobeQuest identity index
    +- DobeQuest-only profile 48176; skipping AKC PDF

Detlef v Stresow
------------------------------------------------------------------------
Generation 29
  +- Searching AKC by name
  +- Trying AKC name candidate: Detlef v Stresow
  +- AKC name lookup: not_found
  +- Checking DobeQuest identity index
    +- DobeQuest-only profile 53507; skipping AKC PDF

Astra vd Schulzenburg
------------------------------------------------------------------------
Generation 29
  +- Searching AKC by name
  +- Trying AKC name candidate: Astra vd Schulzenburg
  +- AKC name lookup: not_found
  +- Checking DobeQuest identity index
    +- DobeQuest-only profile 53508; skipping AKC PDF

Thula Carlsson
------------------------------------------------------------------------
Generation 29
  +- Searching AKC by name
  +- Trying AKC name candidate: Thula Carlsson
  +- AKC name lookup: not_found
  +- Checking DobeQuest identity index
    +- DobeQuest-only profile 14678; skipping AKC PDF

Cenri v Thueringen
------------------------------------------------------------------------
Generation 29
  +- Searching AKC by name
  +- Trying AKC name candidate: Cenri v Thueringen
  +- AKC name lookup: not_found
  +- Checking DobeQuest identity index
    +- DobeQuest-only profile 22355; skipping AKC PDF

Olex Vom Ahrtal
------------------------------------------------------------------------
Generation 29
+- Reusing local PDF by normalized name: AHN999_100354999689WB24234019092026013218143.pdf
+- Using existing checkpoint (resolved_from_pdf_cache)
  +- Queueing 1 parent record(s) for generation 30

Cinnamon Toast CD
------------------------------------------------------------------------
Generation 29
+- Reusing local PDF by normalized name: AHN999_100354999689WB15681119092026013229692.pdf
+- Using existing checkpoint (resolved_from_pdf_cache)
  +- Queueing 2 parent record(s) for generation 30

Prinzessin Wanda v Harz
------------------------------------------------------------------------
Generation 29
  +- Searching AKC by name
  +- Trying AKC name candidate: Prinzessin Wanda v Harz
  +- AKC name lookup: not_found
  +- Checking DobeQuest identity index
    +- DobeQuest-only profile 47189; skipping AKC PDF

Long's Hot Summer
------------------------------------------------------------------------
Generation 29
+- Reusing local PDF by normalized name: AHN999_100354999689WB05384919092026013246110.pdf
+- Using existing checkpoint (resolved_from_pdf_cache)
  +- Queueing 1 parent record(s) for generation 30

Somela's Desiree Von Warrior
------------------------------------------------------------------------
Generation 29
+- Reusing local PDF by normalized name: AHN999_100354999689WB06539819092026013255742.pdf
+- Using existing checkpoint (resolved_from_pdf_cache)

Muscor's Fhaedron
------------------------------------------------------------------------
Generation 29
+- Reusing local PDF by normalized name: AHN999_100354999689WA72627219092026013304971.pdf
+- Using existing checkpoint (resolved_from_pdf_cache)
  +- Queueing 1 parent record(s) for generation 30

Amerbrit's Veronica
------------------------------------------------------------------------
Generation 29
+- Reusing local PDF by normalized name: AHN999_100354999689WA99280719092026013314488.pdf
+- Using existing checkpoint (resolved_from_pdf_cache)

Uhlong's Pagan V Warrior
------------------------------------------------------------------------
Generation 29
+- Reusing local PDF by normalized name: AHN999_100354999689WA81711119092026013323691.pdf
+- Using existing checkpoint (resolved_from_pdf_cache)
  +- Queueing 1 parent record(s) for generation 30

Amerbrit's Haiti
------------------------------------------------------------------------
Generation 29
+- Reusing local PDF by normalized name: AHN999_100354999689WB47568819092026013333719.pdf
+- Using existing checkpoint (resolved_from_pdf_cache)
  +- Queueing 2 parent record(s) for generation 30

Charem's Carolina Sage CD
------------------------------------------------------------------------
Generation 29
+- Reusing local PDF by normalized name: AHN999_100354999689WB23413519092026013343434.pdf
+- Using existing checkpoint (resolved_from_pdf_cache)
  +- Queueing 1 parent record(s) for generation 30

Reid's Elke S
------------------------------------------------------------------------
Generation 29
  +- Searching AKC by name
  +- Trying AKC name candidate: Reid's Elke S
  +- Trying AKC name candidate: Reid's Elke
  +- Resolved AKC identity: Reid's Elke S (WB791949)
  +- Reading MyAKC Dog Information
  +- Generating compact Herding Test/Trial PDF
  +- Saved record as akc:WB791949
  +- Removing processed Dog of Interest from MyAKC
  +- Queueing 2 parent record(s) for generation 30

Jim Brock's Count On Me
------------------------------------------------------------------------
Generation 29
+- Reusing local PDF by normalized name: AHN999_100354999689WA91413319092026013357132.pdf
+- Using existing checkpoint (resolved_from_pdf_cache)

Penney Pincher
------------------------------------------------------------------------
Generation 29
+- Reusing local PDF by normalized name: AHN999_100354999689WB16138919092026013405791.pdf
+- Using existing checkpoint (resolved_from_pdf_cache)

Baron Kuntz
------------------------------------------------------------------------
Generation 29
+- Reusing local PDF by normalized name: AHN999_100354999689WC90953419092026013413755.pdf
+- Using existing checkpoint (resolved_from_pdf_cache)
  +- Queueing 1 parent record(s) for generation 30

Daffey
------------------------------------------------------------------------
Generation 29
+- Reusing local PDF by normalized name: AHN999_100354999689WC59985819092026013422767.pdf
+- Using existing checkpoint (resolved_from_pdf_cache)

Elfred's Nobility
------------------------------------------------------------------------
Generation 29
+- Reusing local PDF by normalized name: AHN999_100354999689WB17245919092026013435122.pdf
+- Using existing checkpoint (resolved_from_pdf_cache)

Dianna Of Ardon
------------------------------------------------------------------------
Generation 29
+- Reusing local PDF by normalized name: AHN999_100354999689WB39143119092026013443771.pdf
+- Using existing checkpoint (resolved_from_pdf_cache)
  +- Queueing 2 parent record(s) for generation 30

Uhlong's Kim Leon
------------------------------------------------------------------------
Generation 29
+- Reusing local PDF by normalized name: AHN999_100354999689WA79451619092026013451887.pdf
+- Using existing checkpoint (resolved_from_pdf_cache)
  +- Queueing 1 parent record(s) for generation 30

Sashia Proud
------------------------------------------------------------------------
Generation 29
+- Reusing local PDF by normalized name: AHN999_100354999689WB15220219092026013459774.pdf
+- Using existing checkpoint (resolved_from_pdf_cache)

Bodo v Hohenstein
------------------------------------------------------------------------
Generation 29
  +- Searching AKC by name
  +- Trying AKC name candidate: Bodo v Hohenstein
  +- AKC name lookup: not_found
  +- Checking DobeQuest identity index
    +- DobeQuest-only profile 11031; skipping AKC PDF

Prinzess v Thueringen
------------------------------------------------------------------------
Generation 29
  +- Searching AKC by name
  +- Trying AKC name candidate: Prinzess v Thueringen
  +- AKC name lookup: not_found
  +- Checking DobeQuest identity index
    +- DobeQuest-only profile 15261; skipping AKC PDF

Dina v Thueringen (1901)
------------------------------------------------------------------------
Generation 29
  +- Searching AKC by name
  +- Trying AKC name candidate: Dina v Thueringen (1901)
  +- AKC name lookup: not_found
  +- Checking DobeQuest identity index
    +- DobeQuest-only profile 16348; skipping AKC PDF

Peter v Thueringen Athen
------------------------------------------------------------------------
Generation 29
  +- Searching AKC by name
  +- Trying AKC name candidate: Peter v Thueringen Athen
  +- AKC name lookup: not_found
  +- Checking DobeQuest identity index
    +- DobeQuest-only profile 15192; skipping AKC PDF

Judith v Fernricht
------------------------------------------------------------------------
Generation 29
  +- Searching AKC by name
  +- Trying AKC name candidate: Judith v Fernricht
  +- AKC name lookup: not_found
  +- Checking DobeQuest identity index
    +- DobeQuest-only profile 15334; skipping AKC PDF

Arcadia-Bonehead-Brockmaster
------------------------------------------------------------------------
Generation 29
  +- Searching AKC by name
  +- Trying AKC name candidate: Arcadia-Bonehead-Brockmaster
  +- Resolved AKC identity: Arcadia-Bonehead-Brockmaster (WP82349403)
  +- Reading MyAKC Dog Information
  +- Generating compact Herding Test/Trial PDF
  +- Saved record as akc:WP82349403
  +- Removing processed Dog of Interest from MyAKC
  +- Queueing 2 parent record(s) for generation 30

Rockrun's Eva Braun Ryan
------------------------------------------------------------------------
Generation 29
  +- Searching AKC by name
  +- Trying AKC name candidate: Rockrun's Eva Braun Ryan
  +- Resolved AKC identity: Rockrun's Eva Braun Ryan (WP87266604)
  +- Reading MyAKC Dog Information
  +- Generating compact Herding Test/Trial PDF
  +- Saved record as akc:WP87266604
  +- Removing processed Dog of Interest from MyAKC
  +- Queueing 2 parent record(s) for generation 30

Sampson's Big Buddy
------------------------------------------------------------------------
Generation 29
  +- Searching AKC by name
  +- Trying AKC name candidate: Sampson's Big Buddy
  +- Resolved AKC identity: Sampson's Big Buddy (WP90252202)
  +- Reading MyAKC Dog Information
  +- Generating compact Herding Test/Trial PDF
  +- Saved record as akc:WP90252202
  +- Removing processed Dog of Interest from MyAKC
  +- Queueing 2 parent record(s) for generation 30

Rebecca's Leggy Lucy
------------------------------------------------------------------------
Generation 29
  +- Searching AKC by name
  +- Trying AKC name candidate: Rebecca's Leggy Lucy
  +- Resolved AKC identity: Rebecca's Leggy Lucy (WP80819306)
  +- Reading MyAKC Dog Information
  +- Generating compact Herding Test/Trial PDF
  +- Saved record as akc:WP80819306
  +- Removing processed Dog of Interest from MyAKC
  +- Queueing 2 parent record(s) for generation 30

Bruiser Surprise Defoor
------------------------------------------------------------------------
Generation 29
+- Reusing local PDF by normalized name: AHN999_100354999689WR0012680819092026014049653.pdf
+- Using existing checkpoint (resolved_from_pdf_cache)
  +- Queueing 2 parent record(s) for generation 30

Ffancy Owens Von Jenks Of Grey
------------------------------------------------------------------------
Generation 29
+- Reusing local PDF by normalized name: AHN999_100354999689WP9406650119092026014058187.pdf
+- Using existing checkpoint (resolved_from_pdf_cache)
  +- Queueing 2 parent record(s) for generation 30

Bailey's Blackest Knight
------------------------------------------------------------------------
Generation 29
+- Reusing local PDF by normalized name: AHN999_100354999689WP5443260719092026014106526.pdf
+- Using existing checkpoint (resolved_from_pdf_cache)
  +- Queueing 2 parent record(s) for generation 30

Bailey's Red Honey Bear
------------------------------------------------------------------------
Generation 29
+- Reusing local PDF by normalized name: AHN999_100354999689WP513269121909202601411568.pdf
+- Using existing checkpoint (resolved_from_pdf_cache)
  +- Queueing 2 parent record(s) for generation 30

J R Jackson
------------------------------------------------------------------------
Generation 29
+- Reusing local PDF by normalized name: AHN999_100354999689WE79894019092026013528942.pdf
+- Using existing checkpoint (resolved_from_pdf_cache)
  +- Queueing 2 parent record(s) for generation 30

Mike's Dazzling Starrdust
------------------------------------------------------------------------
Generation 29
+- Reusing local PDF by normalized name: AHN999_100354999689WF4473671909202601353728.pdf
+- Using existing checkpoint (resolved_from_pdf_cache)
  +- Queueing 2 parent record(s) for generation 30

Lord Licius
------------------------------------------------------------------------
Generation 29
+- Reusing local PDF by normalized name: AHN999_100354999689WF01465719092026013545285.pdf
+- Using existing checkpoint (resolved_from_pdf_cache)
  +- Queueing 2 parent record(s) for generation 30

Jims Sheba Girl
------------------------------------------------------------------------
Generation 29
+- Reusing local PDF by normalized name: AHN999_100354999689WF84827119092026013553757.pdf
+- Using existing checkpoint (resolved_from_pdf_cache)
  +- Queueing 2 parent record(s) for generation 30

Darnell's Troubles Galore
------------------------------------------------------------------------
Generation 29
+- Reusing local PDF by normalized name: AHN999_100354999689WF45117919092026013602264.pdf
+- Using existing checkpoint (resolved_from_pdf_cache)
  +- Queueing 2 parent record(s) for generation 30

Anastasia Black Charisma
------------------------------------------------------------------------
Generation 29
+- Reusing local PDF by normalized name: AHN999_100354999689WF91025719092026013610680.pdf
+- Using existing checkpoint (resolved_from_pdf_cache)
  +- Queueing 1 parent record(s) for generation 30

Jerr-Ca's Blue Illusion
------------------------------------------------------------------------
Generation 29
+- Reusing local PDF by normalized name: AHN999_100354999689WF76015219092026013619979.pdf
+- Using existing checkpoint (resolved_from_pdf_cache)
  +- Queueing 2 parent record(s) for generation 30

Susanna Lynette
------------------------------------------------------------------------
Generation 29
+- Reusing local PDF by normalized name: AHN999_100354999689WF80221219092026013628573.pdf
+- Using existing checkpoint (resolved_from_pdf_cache)
  +- Queueing 2 parent record(s) for generation 30

Sheik Barek's Ruby
------------------------------------------------------------------------
Generation 29
+- Reusing local PDF by normalized name: AHN999_100354999689WF51881319092026013637157.pdf
+- Using existing checkpoint (resolved_from_pdf_cache)
  +- Queueing 2 parent record(s) for generation 30

Scarlet's Lady Sophia
------------------------------------------------------------------------
Generation 29
+- Reusing local PDF by normalized name: AHN999_100354999689WF82194719092026013645294.pdf
+- Using existing checkpoint (resolved_from_pdf_cache)
  +- Queueing 2 parent record(s) for generation 30

Eddie's Dr Bad
------------------------------------------------------------------------
Generation 29
+- Reusing local PDF by normalized name: AHN999_100354999689WE19365019092026013658367.pdf
+- Using existing checkpoint (resolved_from_pdf_cache)
  +- Queueing 2 parent record(s) for generation 30

Pattie's Princess Tonya
------------------------------------------------------------------------
Generation 29
+- Reusing local PDF by normalized name: AHN999_100354999689WE07260619092026013709278.pdf
+- Using existing checkpoint (resolved_from_pdf_cache)
  +- Queueing 2 parent record(s) for generation 30

Perro Colorado De Cayo Vaca
------------------------------------------------------------------------
Generation 29
+- Reusing local PDF by normalized name: AHN999_100354999689WD23039419092026013717551.pdf
+- Using existing checkpoint (resolved_from_pdf_cache)
  +- Queueing 2 parent record(s) for generation 30

Shanda Red Rodriguez
------------------------------------------------------------------------
Generation 29
+- Reusing local PDF by normalized name: AHN999_100354999689WE24578819092026013725718.pdf
+- Using existing checkpoint (resolved_from_pdf_cache)
  +- Queueing 2 parent record(s) for generation 30

Tagg Von Moore
------------------------------------------------------------------------
Generation 29
+- Reusing local PDF by normalized name: AHN999_100354999689WC5440831909202601373564.pdf
+- Using existing checkpoint (resolved_from_pdf_cache)
  +- Queueing 2 parent record(s) for generation 30

Pete's Stella
------------------------------------------------------------------------
Generation 29
+- Reusing local PDF by normalized name: AHN999_100354999689WC05691019092026013743267.pdf
+- Using existing checkpoint (resolved_from_pdf_cache)
  +- Queueing 2 parent record(s) for generation 30

Delore's Son Of Sinbad
------------------------------------------------------------------------
Generation 29
+- Reusing local PDF by normalized name: AHN999_100354999689WE1856621909202601375278.pdf
+- Using existing checkpoint (resolved_from_pdf_cache)
  +- Queueing 2 parent record(s) for generation 30

Brown's Shy Baby Ksisti
------------------------------------------------------------------------
Generation 29
+- Reusing local PDF by normalized name: AHN999_100354999689WE67684219092026013800618.pdf
+- Using existing checkpoint (resolved_from_pdf_cache)
  +- Queueing 2 parent record(s) for generation 30

Kimbertal's Amazon II
------------------------------------------------------------------------
Generation 29
  +- Searching AKC by name
  +- Trying AKC name candidate: Kimbertal's Amazon II
  +- Trying AKC name candidate: Kimbertal's Amazon
  +- Resolved AKC identity: Kimbertal's Amazon II (WE555399)
  +- Reading MyAKC Dog Information
  +- Generating compact Herding Test/Trial PDF
  +- Saved record as akc:WE555399
  +- Removing processed Dog of Interest from MyAKC
  +- Queueing 1 parent record(s) for generation 30

Kimbertal's Damara
------------------------------------------------------------------------
Generation 29
+- Reusing local PDF by normalized name: AHN999_100354999689WE29648119092026013828494.pdf
+- Using existing checkpoint (resolved_from_pdf_cache)
  +- Queueing 1 parent record(s) for generation 30

Duque V
------------------------------------------------------------------------
Generation 29
  +- Searching AKC by name
  +- Trying AKC name candidate: Duque V
  +- Trying AKC name candidate: Duque
  +- Resolved AKC identity: Duque V (WD442272)
  +- Reading MyAKC Dog Information
  +- Generating compact Herding Test/Trial PDF
  +- Saved record as akc:WD442272
  +- Removing processed Dog of Interest from MyAKC
  +- Queueing 2 parent record(s) for generation 30

Quinnie
------------------------------------------------------------------------
Generation 29
+- Reusing local PDF by normalized name: AHN999_100354999689WD49332419092026013841401.pdf
+- Using existing checkpoint (resolved_from_pdf_cache)
  +- Queueing 2 parent record(s) for generation 30

Magnus Ishco
------------------------------------------------------------------------
Generation 29
+- Reusing local PDF by normalized name: AHN999_100354999689WD65110519092026013850408.pdf
+- Using existing checkpoint (resolved_from_pdf_cache)
  +- Queueing 2 parent record(s) for generation 30

Kary Tomico
------------------------------------------------------------------------
Generation 29
+- Reusing local PDF by normalized name: AHN999_100354999689WD15544319092026013858935.pdf
+- Using existing checkpoint (resolved_from_pdf_cache)
  +- Queueing 2 parent record(s) for generation 30

Rusty G
------------------------------------------------------------------------
Generation 29
  +- Searching AKC by name
  +- Trying AKC name candidate: Rusty G
  +- Trying AKC name candidate: Rusty
  +- AKC name lookup: ambiguous
  +- Checking DobeQuest identity index
    +- No DobeQuest match; saving unresolved status (ambiguous)

Tammy-G
------------------------------------------------------------------------
Generation 29
  +- Searching AKC by name
  +- Trying AKC name candidate: Tammy-G
  +- Resolved AKC identity: Tammy-G (WB144572)
  +- Reading MyAKC Dog Information
  +- Generating compact Herding Test/Trial PDF
  +- Saved record as akc:WB144572
  +- Removing processed Dog of Interest from MyAKC
  +- Queueing 2 parent record(s) for generation 30

Wardenburg's Sieglinde
------------------------------------------------------------------------
Generation 29
  +- Searching AKC by name
  +- Trying AKC name candidate: Wardenburg's Sieglinde
  +- Resolved AKC identity: Wardenburg's Sieglinde (WB025967)
  +- Reading MyAKC Dog Information
  +- Generating compact Herding Test/Trial PDF
  +- Saved record as akc:WB025967
  +- Removing processed Dog of Interest from MyAKC

Shawnnesy Shadrack Fatima
------------------------------------------------------------------------
Generation 29
+- Reusing local PDF by normalized name: AHN999_100354999689WA58006220092026013710249.pdf
+- Using existing checkpoint (resolved_from_pdf_cache)

Morgan V Dertos
------------------------------------------------------------------------
Generation 29
+- Reusing local PDF by normalized name: AHN999_100354999689WB71852319092026013908736.pdf
+- Using existing checkpoint (resolved_from_pdf_cache)
  +- Queueing 2 parent record(s) for generation 30

April Von Galloway
------------------------------------------------------------------------
Generation 29
+- Reusing local PDF by normalized name: AHN999_100354999689WC36667719092026013917264.pdf
+- Using existing checkpoint (resolved_from_pdf_cache)
  +- Queueing 2 parent record(s) for generation 30

Lucifer's Red Midnight Image
------------------------------------------------------------------------
Generation 29
  +- Searching AKC by name
  +- Trying AKC name candidate: Lucifer's Red Midnight Image
  +- Resolved AKC identity: Lucifer's Red Midnight Image (WC395491)
  +- Reading MyAKC Dog Information
  +- Generating compact Herding Test/Trial PDF
  +- Saved record as akc:WC395491
  +- Removing processed Dog of Interest from MyAKC
  +- Queueing 2 parent record(s) for generation 30

Carlson's Duchess
------------------------------------------------------------------------
Generation 29
  +- Searching AKC by name
  +- Trying AKC name candidate: Carlson's Duchess
  +- Resolved AKC identity: Carlson's Duchess (WC591505)
  +- Reading MyAKC Dog Information
  +- Generating compact Herding Test/Trial PDF
  +- Saved record as akc:WC591505
  +- Removing processed Dog of Interest from MyAKC
  +- Queueing 2 parent record(s) for generation 30

Gunther Von Lyndan
------------------------------------------------------------------------
Generation 29
  +- Searching AKC by name
  +- Trying AKC name candidate: Gunther Von Lyndan
  +- Resolved AKC identity: Gunther Von Lyndan (WD501004)
  +- Reading MyAKC Dog Information
  +- Generating compact Herding Test/Trial PDF
  +- Saved record as akc:WD501004
  +- Removing processed Dog of Interest from MyAKC
  +- Queueing 2 parent record(s) for generation 30

Christina Das Madchen
------------------------------------------------------------------------
Generation 29
  +- Searching AKC by name
  +- Trying AKC name candidate: Christina Das Madchen
  +- Resolved AKC identity: Christina Das Madchen (WD213745)
  +- Reading MyAKC Dog Information
  +- Generating compact Herding Test/Trial PDF
  +- Saved record as akc:WD213745
  +- Removing processed Dog of Interest from MyAKC

Le-Alan's Duke Von Ahrtal
------------------------------------------------------------------------
Generation 29
+- Reusing local PDF by normalized name: AHN999_100354999689WC12410619092026013925337.pdf
+- Using existing checkpoint (resolved_from_pdf_cache)
  +- Queueing 2 parent record(s) for generation 30

Heidi Von Drakeshirer
------------------------------------------------------------------------
Generation 29
+- Reusing local PDF by normalized name: AHN999_100354999689WD37915619092026013933775.pdf
+- Using existing checkpoint (resolved_from_pdf_cache)
  +- Queueing 2 parent record(s) for generation 30

Freya v Bergerhof
------------------------------------------------------------------------
Generation 29
  +- Searching AKC by name
  +- Trying AKC name candidate: Freya v Bergerhof
  +- AKC name lookup: not_found
  +- Checking DobeQuest identity index
    +- DobeQuest match 33201 → AKC 578494
    +- Trying AKC number lookup: 578494
    +- DobeQuest-only profile 33201; skipping AKC PDF

Thea v Brandthof
------------------------------------------------------------------------
Generation 29
  +- Searching AKC by name
  +- Trying AKC name candidate: Thea v Brandthof
  +- AKC name lookup: not_found
  +- Checking DobeQuest identity index
    +- DobeQuest match 33196 → AKC 803283
    +- Trying AKC number lookup: 803283
    +- DobeQuest-only profile 33196; skipping AKC PDF

Satan's Van Blue
------------------------------------------------------------------------
Generation 29
  +- Searching AKC by name
  +- Trying AKC name candidate: Satan's Van Blue
  +- Resolved AKC identity: Satan's Van Blue (WB614588)
  +- Reading MyAKC Dog Information
  +- Generating compact Herding Test/Trial PDF
  +- Saved record as akc:WB614588
  +- Removing processed Dog of Interest from MyAKC
  +- Queueing 2 parent record(s) for generation 30

Black Mist VII
------------------------------------------------------------------------
Generation 29
  +- Searching AKC by name
  +- Trying AKC name candidate: Black Mist VII
  +- Trying AKC name candidate: Black Mist
  +- Resolved AKC identity: Black Mist VII (WC548164)
  +- Reading MyAKC Dog Information
  +- Generating compact Herding Test/Trial PDF
  +- Saved record as akc:WC548164
  +- Removing processed Dog of Interest from MyAKC

Jake II
------------------------------------------------------------------------
Generation 29
  +- Searching AKC by name
  +- Trying AKC name candidate: Jake II
  +- AKC name lookup: not_found
  +- Checking DobeQuest identity index
    +- No DobeQuest match; saving unresolved status (not_found)

Bolte's Rebel Soldier CD
------------------------------------------------------------------------
Generation 29
  +- Searching AKC by name
  +- Trying AKC name candidate: Bolte's Rebel Soldier CD
  +- Trying AKC name candidate: Bolte's Rebel Soldier
  +- Resolved AKC identity: Bolte's Rebel Soldier CD (WC505152)
  +- Reading MyAKC Dog Information
  +- Generating compact Herding Test/Trial PDF
  +- Saved record as akc:WC505152
  +- Removing processed Dog of Interest from MyAKC
  +- Queueing 2 parent record(s) for generation 30

Warlock's Velvet Lady Lee CD
------------------------------------------------------------------------
Generation 29
  +- Searching AKC by name
  +- Trying AKC name candidate: Warlock's Velvet Lady Lee CD
  +- Trying AKC name candidate: Warlock's Velvet Lady Lee
  +- Resolved AKC identity: Warlock's Velvet Lady Lee CD (WC748771)
  +- Reading MyAKC Dog Information
  +- Generating compact Herding Test/Trial PDF
  +- Saved record as akc:WC748771
  +- Removing processed Dog of Interest from MyAKC
  +- Queueing 2 parent record(s) for generation 30

Panther Ridge Original Sin
------------------------------------------------------------------------
Generation 29
  +- Searching AKC by name
  +- Trying AKC name candidate: Panther Ridge Original Sin
  +- Resolved AKC identity: Panther Ridge Original Sin (WC068656)
  +- Reading MyAKC Dog Information
  +- Generating compact Herding Test/Trial PDF
  +- Saved record as akc:WC068656
  +- Removing processed Dog of Interest from MyAKC
  +- Queueing 2 parent record(s) for generation 30

Rc's Fraulein Heidi
------------------------------------------------------------------------
Generation 29
  +- Searching AKC by name
  +- Trying AKC name candidate: Rc's Fraulein Heidi
  +- Resolved AKC identity: Rc's Fraulein Heidi (WC756197)
  +- Reading MyAKC Dog Information
  +- Generating compact Herding Test/Trial PDF
  +- Saved record as akc:WC756197
  +- Removing processed Dog of Interest from MyAKC
  +- Queueing 2 parent record(s) for generation 30

Carmidmas Talisman
------------------------------------------------------------------------
Generation 29
  +- Searching AKC by name
  +- Trying AKC name candidate: Carmidmas Talisman
  +- Resolved AKC identity: Carmidmas Talisman (WA878275)
  +- Reading MyAKC Dog Information
  +- Generating compact Herding Test/Trial PDF
  +- Saved record as akc:WA878275
  +- Removing processed Dog of Interest from MyAKC

Classic Cameo Of Marklynne
------------------------------------------------------------------------
Generation 29
  +- Searching AKC by name
  +- Trying AKC name candidate: Classic Cameo Of Marklynne
  +- Resolved AKC identity: Classic Cameo Of Marklynne (WB331711)
  +- Reading MyAKC Dog Information
  +- Generating compact Herding Test/Trial PDF
  +- Saved record as akc:WB331711
  +- Removing processed Dog of Interest from MyAKC

Aristocrat Aire Of Marklynne
------------------------------------------------------------------------
Generation 29
  +- Searching AKC by name
  +- Trying AKC name candidate: Aristocrat Aire Of Marklynne
  +- Resolved AKC identity: Aristocrat Aire Of Marklynne (WA856820)
  +- Reading MyAKC Dog Information
  +- Generating compact Herding Test/Trial PDF
  +- Saved record as akc:WA856820
  +- Removing processed Dog of Interest from MyAKC
  +- Queueing 2 parent record(s) for generation 30

Erika Bowman's Black Maria
------------------------------------------------------------------------
Generation 29
  +- Searching AKC by name
  +- Trying AKC name candidate: Erika Bowman's Black Maria
  +- Resolved AKC identity: Erika Bowman's Black Maria (WB233086)
  +- Reading MyAKC Dog Information
  +- Generating compact Herding Test/Trial PDF
  +- Saved record as akc:WB233086
  +- Removing processed Dog of Interest from MyAKC
  +- Queueing 2 parent record(s) for generation 30

Max Von Meyer
------------------------------------------------------------------------
Generation 29
  +- Searching AKC by name
  +- Trying AKC name candidate: Max Von Meyer
  +- Resolved AKC identity: Max Von Meyer (WC825749)
  +- Reading MyAKC Dog Information
  +- Generating compact Herding Test/Trial PDF
  +- Saved record as akc:WC825749
  +- Removing processed Dog of Interest from MyAKC
  +- Queueing 2 parent record(s) for generation 30

Shana III
------------------------------------------------------------------------
Generation 29
  +- Searching AKC by name
  +- Trying AKC name candidate: Shana III
  +- Trying AKC name candidate: Shana
  +- Resolved AKC identity: Shana III (WC258441)
  +- Reading MyAKC Dog Information
  +- Generating compact Herding Test/Trial PDF
  +- Saved record as akc:WC258441
  +- Removing processed Dog of Interest from MyAKC
  +- Queueing 2 parent record(s) for generation 30

Burglary Boy
------------------------------------------------------------------------
Generation 29
  +- Searching AKC by name
  +- Trying AKC name candidate: Burglary Boy
  +- Resolved AKC identity: Burglary Boy (WC380128)
  +- Reading MyAKC Dog Information
  +- Generating compact Herding Test/Trial PDF
  +- Saved record as akc:WC380128
  +- Removing processed Dog of Interest from MyAKC
  +- Queueing 2 parent record(s) for generation 30

Miss Deena Star Von-Hay
------------------------------------------------------------------------
Generation 29
  +- Searching AKC by name
  +- Trying AKC name candidate: Miss Deena Star Von-Hay
  +- Resolved AKC identity: Miss Deena Star Von-Hay (WB780618)
  +- Reading MyAKC Dog Information
  +- Generating compact Herding Test/Trial PDF
  +- Saved record as akc:WB780618
  +- Removing processed Dog of Interest from MyAKC
  +- Queueing 2 parent record(s) for generation 30

Williams Blue Boy II
------------------------------------------------------------------------
Generation 29
  +- Searching AKC by name
  +- Trying AKC name candidate: Williams Blue Boy II
  +- Trying AKC name candidate: Williams Blue Boy
  +- Resolved AKC identity: Williams Blue Boy II (WC944890)
  +- Reading MyAKC Dog Information
  +- Generating compact Herding Test/Trial PDF
  +- Saved record as akc:WC944890
  +- Removing processed Dog of Interest from MyAKC
  +- Queueing 2 parent record(s) for generation 30

Mayfairs In The Rough
------------------------------------------------------------------------
Generation 29
  +- Searching AKC by name
  +- Trying AKC name candidate: Mayfairs In The Rough
  +- Resolved AKC identity: Mayfairs In The Rough (WA919972)
  +- Reading MyAKC Dog Information
  +- Generating compact Herding Test/Trial PDF
  +- Saved record as akc:WA919972
  +- Removing processed Dog of Interest from MyAKC

Chippendale Von Hallsberg
------------------------------------------------------------------------
Generation 29
  +- Searching AKC by name
  +- Trying AKC name candidate: Chippendale Von Hallsberg
  +- Resolved AKC identity: Chippendale Von Hallsberg (WB532201)
  +- Reading MyAKC Dog Information
  +- Generating compact Herding Test/Trial PDF
  +- Saved record as akc:WB532201
  +- Removing processed Dog of Interest from MyAKC
  +- Queueing 2 parent record(s) for generation 30

Tina XVI
------------------------------------------------------------------------
Generation 29
  +- Searching AKC by name
  +- Trying AKC name candidate: Tina XVI
  +- Trying AKC name candidate: Tina
  +- Resolved AKC identity: Tina XVI (WB258545)
  +- Reading MyAKC Dog Information
  +- Generating compact Herding Test/Trial PDF
  +- Saved record as akc:WB258545
  +- Removing processed Dog of Interest from MyAKC
  +- Queueing 2 parent record(s) for generation 30

Kimbertal's Sylva
------------------------------------------------------------------------
Generation 29
+- Reusing local PDF by normalized name: AHN999_100354999689WC3517971909202611364083.pdf
+- Using existing checkpoint (resolved_from_pdf_cache)
  +- Queueing 1 parent record(s) for generation 30

Nelson V Hagenstern
------------------------------------------------------------------------
Generation 29
+- Reusing local PDF by normalized name: AHN999_100354999689WC89310319092026080806881.pdf
+- Using existing checkpoint (resolved_from_pdf_cache)
  +- Queueing 2 parent record(s) for generation 30

Kimbertal's Argethana
------------------------------------------------------------------------
Generation 29
  +- Searching AKC by name
  +- Trying AKC name candidate: Kimbertal's Argethana
  +- Resolved AKC identity: Kimbertal's Argethana (WC767487)
  +- Reading MyAKC Dog Information
  +- Generating compact Herding Test/Trial PDF
  +- Saved record as akc:WC767487
  +- Removing processed Dog of Interest from MyAKC
  +- Queueing 1 parent record(s) for generation 30

Red Brush's Prince De Lago Casa
------------------------------------------------------------------------
Generation 29
  +- Searching AKC by name
  +- Trying AKC name candidate: Red Brush's Prince De Lago Casa
  +- Resolved AKC identity: Red Brush's Prince De Lago Casa (WB528902)
  +- Reading MyAKC Dog Information
  +- Generating compact Herding Test/Trial PDF
  +- Saved record as akc:WB528902
  +- Removing processed Dog of Interest from MyAKC
  +- Queueing 1 parent record(s) for generation 30

Grafin
------------------------------------------------------------------------
Generation 29
  +- Searching AKC by name
  +- Trying AKC name candidate: Grafin
  +- Resolved AKC identity: Grafin (WC173646)
  +- Reading MyAKC Dog Information
  +- Generating compact Herding Test/Trial PDF
  +- Saved record as akc:WC173646
  +- Removing processed Dog of Interest from MyAKC
  +- Queueing 2 parent record(s) for generation 30

Phifer's Rip
------------------------------------------------------------------------
Generation 29
  +- Searching AKC by name
  +- Trying AKC name candidate: Phifer's Rip
  +- Resolved AKC identity: Phifer's Rip (WB532070)
  +- Reading MyAKC Dog Information
  +- Generating compact Herding Test/Trial PDF
  +- Saved record as akc:WB532070
  +- Removing processed Dog of Interest from MyAKC
  +- Queueing 2 parent record(s) for generation 30

Frulein Gretchen Ratcliff
------------------------------------------------------------------------
Generation 29
  +- Searching AKC by name
  +- Trying AKC name candidate: Frulein Gretchen Ratcliff
  +- Resolved AKC identity: Frulein Gretchen Ratcliff (WB279565)
  +- Reading MyAKC Dog Information
  +- Generating compact Herding Test/Trial PDF
  +- Saved record as akc:WB279565
  +- Removing processed Dog of Interest from MyAKC

Valfor's Jet Interceptor
------------------------------------------------------------------------
Generation 29
  +- Searching AKC by name
  +- Trying AKC name candidate: Valfor's Jet Interceptor
  +- Resolved AKC identity: Valfor's Jet Interceptor (WA358495)
  +- Reading MyAKC Dog Information
  +- Generating compact Herding Test/Trial PDF
  +- Saved record as akc:WA358495
  +- Removing processed Dog of Interest from MyAKC
  +- Queueing 2 parent record(s) for generation 30

Schatz Von Mir
------------------------------------------------------------------------
Generation 29
  +- Searching AKC by name
  +- Trying AKC name candidate: Schatz Von Mir
  +- Resolved AKC identity: Schatz Von Mir (WB245870)
  +- Reading MyAKC Dog Information
  +- Generating compact Herding Test/Trial PDF
  +- Saved record as akc:WB245870
  +- Removing processed Dog of Interest from MyAKC
  +- Queueing 2 parent record(s) for generation 30

Teksin's Red Tosh
------------------------------------------------------------------------
Generation 29
  +- Searching AKC by name
  +- Trying AKC name candidate: Teksin's Red Tosh
  +- Resolved AKC identity: Teksin's Red Tosh (WB647446)
  +- Reading MyAKC Dog Information
  +- Generating compact Herding Test/Trial PDF
  +- Saved record as akc:WB647446
  +- Removing processed Dog of Interest from MyAKC
  +- Queueing 2 parent record(s) for generation 30

CH Ledge Rocks Cherry Jubilee
------------------------------------------------------------------------
Generation 29
  +- Searching AKC by name
  +- Trying AKC name candidate: CH Ledge Rocks Cherry Jubilee
  +- Trying AKC name candidate: Ledge Rocks Cherry Jubilee
  +- Resolved AKC identity: CH Ledge Rocks Cherry Jubilee (WC569001)
  +- Reading MyAKC Dog Information
  +- Generating compact Herding Test/Trial PDF
  +- Saved record as akc:WC569001
  +- Removing processed Dog of Interest from MyAKC
  +- Queueing 2 parent record(s) for generation 30

CH Florowill Grand Finale
------------------------------------------------------------------------
Generation 29
+- Reusing local PDF by normalized name: AHN999_100354999689WC9427491909202606465778.pdf
+- Using existing checkpoint (resolved_from_pdf_cache)

Satan's Black Tara
------------------------------------------------------------------------
Generation 29
  +- Searching AKC by name
  +- Trying AKC name candidate: Satan's Black Tara
  +- Resolved AKC identity: Satan's Black Tara (WC972927)
  +- Reading MyAKC Dog Information
  +- Generating compact Herding Test/Trial PDF
  +- Saved record as akc:WC972927
  +- Removing processed Dog of Interest from MyAKC
  +- Queueing 1 parent record(s) for generation 30

Count Hans Frederick
------------------------------------------------------------------------
Generation 29
  +- Searching AKC by name
  +- Trying AKC name candidate: Count Hans Frederick
  +- Resolved AKC identity: Count Hans Frederick (WC607727)
  +- Reading MyAKC Dog Information
  +- Generating compact Herding Test/Trial PDF
  +- Saved record as akc:WC607727
  +- Removing processed Dog of Interest from MyAKC
  +- Queueing 2 parent record(s) for generation 30

Dutchess Von Emph
------------------------------------------------------------------------
Generation 29
  +- Searching AKC by name
  +- Trying AKC name candidate: Dutchess Von Emph
  +- Resolved AKC identity: Dutchess Von Emph (WD079293)
  +- Reading MyAKC Dog Information
  +- Generating compact Herding Test/Trial PDF
  +- Saved record as akc:WD079293
  +- Removing processed Dog of Interest from MyAKC
  +- Queueing 2 parent record(s) for generation 30

Samuel Hope Sampson
------------------------------------------------------------------------
Generation 29
  +- Searching AKC by name
  +- Trying AKC name candidate: Samuel Hope Sampson
  +- Resolved AKC identity: Samuel Hope Sampson (WB481840)
  +- Reading MyAKC Dog Information
  +- Generating compact Herding Test/Trial PDF
  +- Saved record as akc:WB481840
  +- Removing processed Dog of Interest from MyAKC
  +- Queueing 2 parent record(s) for generation 30

Toots Ann
------------------------------------------------------------------------
Generation 29
  +- Searching AKC by name
  +- Trying AKC name candidate: Toots Ann
  +- Resolved AKC identity: Toots Ann (WC663712)
  +- Reading MyAKC Dog Information
  +- Generating compact Herding Test/Trial PDF
  +- Saved record as akc:WC663712
  +- Removing processed Dog of Interest from MyAKC
  +- Queueing 2 parent record(s) for generation 30

Sham Hughes
------------------------------------------------------------------------
Generation 29
  +- Searching AKC by name
  +- Trying AKC name candidate: Sham Hughes
  +- Resolved AKC identity: Sham Hughes (WC593252)
  +- Reading MyAKC Dog Information
  +- Generating compact Herding Test/Trial PDF
  +- Saved record as akc:WC593252
  +- Removing processed Dog of Interest from MyAKC
  +- Queueing 2 parent record(s) for generation 30

Commandant Von-Blitz
------------------------------------------------------------------------
Generation 29
  +- Searching AKC by name
  +- Trying AKC name candidate: Commandant Von-Blitz
  +- Resolved AKC identity: Commandant Von-Blitz (WB569307)
  +- Reading MyAKC Dog Information
  +- Generating compact Herding Test/Trial PDF
  +- Saved record as akc:WB569307
  +- Removing processed Dog of Interest from MyAKC

Mein Dandy Dobie
------------------------------------------------------------------------
Generation 29
+- Reusing local PDF by normalized name: AHN999_100354999689WB70467619092026074025271.pdf
+- Using existing checkpoint (resolved_from_pdf_cache)
  +- Queueing 2 parent record(s) for generation 30

Kimbertal's Diomedes
------------------------------------------------------------------------
Generation 29
  +- Searching AKC by name
  +- Trying AKC name candidate: Kimbertal's Diomedes
  +- Resolved AKC identity: Kimbertal's Diomedes (WB382229)
  +- Reading MyAKC Dog Information
  +- Generating compact Herding Test/Trial PDF
  +- Saved record as akc:WB382229
  +- Removing processed Dog of Interest from MyAKC
  +- Queueing 1 parent record(s) for generation 30

Hitterhaus's Barney Bean
------------------------------------------------------------------------
Generation 29
  +- Searching AKC by name
  +- Trying AKC name candidate: Hitterhaus's Barney Bean
  +- Resolved AKC identity: Hitterhaus's Barney Bean (WA922564)
  +- Reading MyAKC Dog Information
  +- Generating compact Herding Test/Trial PDF
  +- Saved record as akc:WA922564
  +- Removing processed Dog of Interest from MyAKC
  +- Queueing 2 parent record(s) for generation 30

Clays Mitzie
------------------------------------------------------------------------
Generation 29
  +- Searching AKC by name
  +- Trying AKC name candidate: Clays Mitzie
  +- Resolved AKC identity: Clays Mitzie (WB397222)
  +- Reading MyAKC Dog Information
  +- Generating compact Herding Test/Trial PDF
  +- Saved record as akc:WB397222
  +- Removing processed Dog of Interest from MyAKC
  +- Queueing 2 parent record(s) for generation 30

Murphy Nebo Woods
------------------------------------------------------------------------
Generation 29
  +- Searching AKC by name
  +- Trying AKC name candidate: Murphy Nebo Woods
  +- Resolved AKC identity: Murphy Nebo Woods (WD437721)
  +- Reading MyAKC Dog Information
  +- Generating compact Herding Test/Trial PDF
  +- Saved record as akc:WD437721
  +- Removing processed Dog of Interest from MyAKC
  +- Queueing 2 parent record(s) for generation 30

Fawn Naomi Woods
------------------------------------------------------------------------
Generation 29
  +- Searching AKC by name
  +- Trying AKC name candidate: Fawn Naomi Woods
  +- Resolved AKC identity: Fawn Naomi Woods (WC867932)
  +- Reading MyAKC Dog Information
  +- Generating compact Herding Test/Trial PDF
  +- Saved record as akc:WC867932
  +- Removing processed Dog of Interest from MyAKC
  +- Queueing 2 parent record(s) for generation 30

Che' Of Warlock's Diablo Rojo
------------------------------------------------------------------------
Generation 29
  +- Searching AKC by name
  +- Trying AKC name candidate: Che' Of Warlock's Diablo Rojo
  +- Resolved AKC identity: Che' Of Warlock's Diablo Rojo (WC451986)
  +- Reading MyAKC Dog Information
  +- Generating compact Herding Test/Trial PDF
  +- Saved record as akc:WC451986
  +- Removing processed Dog of Interest from MyAKC
  +- Queueing 1 parent record(s) for generation 30

Sammy's Brandy
------------------------------------------------------------------------
Generation 29
  +- Searching AKC by name
  +- Trying AKC name candidate: Sammy's Brandy
  +- Resolved AKC identity: Sammy's Brandy (WC845754)
  +- Reading MyAKC Dog Information
  +- Generating compact Herding Test/Trial PDF
  +- Saved record as akc:WC845754
  +- Removing processed Dog of Interest from MyAKC
  +- Queueing 2 parent record(s) for generation 30

Shultz Von Beal
------------------------------------------------------------------------
Generation 29
  +- Searching AKC by name
  +- Trying AKC name candidate: Shultz Von Beal
  +- Resolved AKC identity: Shultz Von Beal (WC855992)
  +- Reading MyAKC Dog Information
  +- Generating compact Herding Test/Trial PDF
  +- Saved record as akc:WC855992
  +- Removing processed Dog of Interest from MyAKC
  +- Queueing 2 parent record(s) for generation 30

Hurleys Heidi Lynn
------------------------------------------------------------------------
Generation 29
  +- Searching AKC by name
  +- Trying AKC name candidate: Hurleys Heidi Lynn
  +- Resolved AKC identity: Hurleys Heidi Lynn (WD253654)
  +- Reading MyAKC Dog Information
  +- Generating compact Herding Test/Trial PDF
  +- Saved record as akc:WD253654
  +- Removing processed Dog of Interest from MyAKC
  +- Queueing 2 parent record(s) for generation 30

Gretchen Rouson Ludwig
------------------------------------------------------------------------
Generation 29
  +- Searching AKC by name
  +- Trying AKC name candidate: Gretchen Rouson Ludwig
  +- Resolved AKC identity: Gretchen Rouson Ludwig (WF650388)
  +- Reading MyAKC Dog Information
  +- Generating compact Herding Test/Trial PDF
  +- Saved record as akc:WF650388
  +- Removing processed Dog of Interest from MyAKC
  +- Queueing 2 parent record(s) for generation 30

CH Cresthill's Tickle Pink
------------------------------------------------------------------------
Generation 29
  +- Searching AKC by name
  +- Trying AKC name candidate: CH Cresthill's Tickle Pink
  +- Trying AKC name candidate: Cresthill's Tickle Pink
  +- Resolved AKC identity: CH Cresthill's Tickle Pink (WE013585)
  +- Reading MyAKC Dog Information
  +- Generating compact Herding Test/Trial PDF
  +- Saved record as akc:WE013585
  +- Removing processed Dog of Interest from MyAKC
  +- Queueing 1 parent record(s) for generation 30

Kimbertal's Silver Bullet
------------------------------------------------------------------------
Generation 29
  +- Searching AKC by name
  +- Trying AKC name candidate: Kimbertal's Silver Bullet
  +- Resolved AKC identity: Kimbertal's Silver Bullet (WF634294)
  +- Reading MyAKC Dog Information
  +- Generating compact Herding Test/Trial PDF
  +- Saved record as akc:WF634294
  +- Removing processed Dog of Interest from MyAKC
  +- Queueing 2 parent record(s) for generation 30

Kimbertal's Tigerflower
------------------------------------------------------------------------
Generation 29
  +- Searching AKC by name
  +- Trying AKC name candidate: Kimbertal's Tigerflower
  +- Resolved AKC identity: Kimbertal's Tigerflower (WF609140)
  +- Reading MyAKC Dog Information
  +- Generating compact Herding Test/Trial PDF
  +- Saved record as akc:WF609140
  +- Removing processed Dog of Interest from MyAKC
  +- Queueing 2 parent record(s) for generation 30

CH Windrush's Dominic
------------------------------------------------------------------------
Generation 29
  +- Searching AKC by name
  +- Trying AKC name candidate: CH Windrush's Dominic
  +- Trying AKC name candidate: Windrush's Dominic
  +- Resolved AKC identity: CH Windrush's Dominic (WD859157)
  +- Reading MyAKC Dog Information
  +- Generating compact Herding Test/Trial PDF
  +- Saved record as akc:WD859157
  +- Removing processed Dog of Interest from MyAKC
  +- Queueing 1 parent record(s) for generation 30

CH Tanner's Arctic Mist CD
------------------------------------------------------------------------
Generation 29
  +- Searching AKC by name
  +- Trying AKC name candidate: CH Tanner's Arctic Mist CD
  +- Trying AKC name candidate: Tanner's Arctic Mist
  +- Resolved AKC identity: CH Tanner's Arctic Mist CD (WE498951)
  +- Reading MyAKC Dog Information
  +- Generating compact Herding Test/Trial PDF
  +- Saved record as akc:WE498951
  +- Removing processed Dog of Interest from MyAKC
  +- Queueing 2 parent record(s) for generation 30

Kimbertal's Dominica
------------------------------------------------------------------------
Generation 29
  +- Searching AKC by name
  +- Trying AKC name candidate: Kimbertal's Dominica
  +- Resolved AKC identity: Kimbertal's Dominica (WE290343)
  +- Reading MyAKC Dog Information
  +- Generating compact Herding Test/Trial PDF
  +- Saved record as akc:WE290343
  +- Removing processed Dog of Interest from MyAKC
  +- Queueing 1 parent record(s) for generation 30

CH Dapper Alameda
------------------------------------------------------------------------
Generation 29
  +- Searching AKC by name
  +- Trying AKC name candidate: CH Dapper Alameda
  +- Trying AKC name candidate: Dapper Alameda
  +- Resolved AKC identity: CH Dapper Alameda (WD454838)
  +- Reading MyAKC Dog Information
  +- Generating compact Herding Test/Trial PDF
  +- Saved record as akc:WD454838
  +- Removing processed Dog of Interest from MyAKC
  +- Queueing 1 parent record(s) for generation 30

CH Belbravo's Ace Of Prima Donna
------------------------------------------------------------------------
Generation 29
  +- Searching AKC by name
  +- Trying AKC name candidate: CH Belbravo's Ace Of Prima Donna
  +- Trying AKC name candidate: Belbravo's Ace Of Prima Donna
  +- Resolved AKC identity: CH Belbravo's Ace Of Prima Donna (WD388455)
  +- Reading MyAKC Dog Information
  +- Generating compact Herding Test/Trial PDF
  +- Saved record as akc:WD388455
  +- Removing processed Dog of Interest from MyAKC
  +- Queueing 2 parent record(s) for generation 30

Corcia Dame Dresden Dreamer
------------------------------------------------------------------------
Generation 29
  +- Searching AKC by name
  +- Trying AKC name candidate: Corcia Dame Dresden Dreamer
  +- Resolved AKC identity: Corcia Dame Dresden Dreamer (WD346485)
  +- Reading MyAKC Dog Information
  +- Generating compact Herding Test/Trial PDF
  +- Saved record as akc:WD346485
  +- Removing processed Dog of Interest from MyAKC
  +- Queueing 1 parent record(s) for generation 30

Kimbertal's Lauren
------------------------------------------------------------------------
Generation 29
  +- Searching AKC by name
  +- Trying AKC name candidate: Kimbertal's Lauren
  +- Resolved AKC identity: Kimbertal's Lauren (WF455172)
  +- Reading MyAKC Dog Information
  +- Generating compact Herding Test/Trial PDF
  +- Saved record as akc:WF455172
  +- Removing processed Dog of Interest from MyAKC
  +- Queueing 1 parent record(s) for generation 30

Kimbertal's Rosemari
------------------------------------------------------------------------
Generation 29
  +- Searching AKC by name
  +- Trying AKC name candidate: Kimbertal's Rosemari
  +- Resolved AKC identity: Kimbertal's Rosemari (WF281192)
  +- Reading MyAKC Dog Information
  +- Generating compact Herding Test/Trial PDF
  +- Saved record as akc:WF281192
  +- Removing processed Dog of Interest from MyAKC
  +- Queueing 1 parent record(s) for generation 30

Cornett's Duke Of Dobermans
------------------------------------------------------------------------
Generation 29
  +- Searching AKC by name
  +- Trying AKC name candidate: Cornett's Duke Of Dobermans
  +- Resolved AKC identity: Cornett's Duke Of Dobermans (WF123741)
  +- Reading MyAKC Dog Information
  +- Generating compact Herding Test/Trial PDF
  +- Saved record as akc:WF123741
  +- Removing processed Dog of Interest from MyAKC
  +- Queueing 2 parent record(s) for generation 30

Pipkin Trudy Moon Shadow
------------------------------------------------------------------------
Generation 29
  +- Searching AKC by name
  +- Trying AKC name candidate: Pipkin Trudy Moon Shadow
  +- Resolved AKC identity: Pipkin Trudy Moon Shadow (WF460130)
  +- Reading MyAKC Dog Information
  +- Generating compact Herding Test/Trial PDF
  +- Saved record as akc:WF460130
  +- Removing processed Dog of Interest from MyAKC
  +- Queueing 2 parent record(s) for generation 30

Karyle's Black Reflection
------------------------------------------------------------------------
Generation 29
  +- Searching AKC by name
  +- Trying AKC name candidate: Karyle's Black Reflection
  +- Resolved AKC identity: Karyle's Black Reflection (WE427492)
  +- Reading MyAKC Dog Information
  +- Generating compact Herding Test/Trial PDF
  +- Saved record as akc:WE427492
  +- Removing processed Dog of Interest from MyAKC
  +- Queueing 2 parent record(s) for generation 30

Lady Chay Of Edinboro
------------------------------------------------------------------------
Generation 29
  +- Searching AKC by name
  +- Trying AKC name candidate: Lady Chay Of Edinboro
  +- Resolved AKC identity: Lady Chay Of Edinboro (WF178982)
  +- Reading MyAKC Dog Information
  +- Generating compact Herding Test/Trial PDF
  +- Saved record as akc:WF178982
  +- Removing processed Dog of Interest from MyAKC
  +- Queueing 2 parent record(s) for generation 30

Keesha Luff-Hyl
------------------------------------------------------------------------
Generation 29
  +- Searching AKC by name
  +- Trying AKC name candidate: Keesha Luff-Hyl
  +- Resolved AKC identity: Keesha Luff-Hyl (WF937955)
  +- Reading MyAKC Dog Information
  +- Generating compact Herding Test/Trial PDF
  +- Saved record as akc:WF937955
  +- Removing processed Dog of Interest from MyAKC
  +- Queueing 2 parent record(s) for generation 30

Hylne's Tosha
------------------------------------------------------------------------
Generation 29
  +- Searching AKC by name
  +- Trying AKC name candidate: Hylne's Tosha
  +- Resolved AKC identity: Hylne's Tosha (WG150900)
  +- Reading MyAKC Dog Information
  +- Generating compact Herding Test/Trial PDF
  +- Saved record as akc:WG150900
  +- Removing processed Dog of Interest from MyAKC
  +- Queueing 2 parent record(s) for generation 30

Young's Sir Zuece
------------------------------------------------------------------------
Generation 29
  +- Searching AKC by name
  +- Trying AKC name candidate: Young's Sir Zuece
  +- Resolved AKC identity: Young's Sir Zuece (WF622151)
  +- Reading MyAKC Dog Information
  +- Generating compact Herding Test/Trial PDF
  +- Saved record as akc:WF622151
  +- Removing processed Dog of Interest from MyAKC
  +- Queueing 2 parent record(s) for generation 30

Ballards Lady Dutchess
------------------------------------------------------------------------
Generation 29
  +- Searching AKC by name
  +- Trying AKC name candidate: Ballards Lady Dutchess
  +- Resolved AKC identity: Ballards Lady Dutchess (WE872443)
  +- Reading MyAKC Dog Information
  +- Generating compact Herding Test/Trial PDF
  +- Saved record as akc:WE872443
  +- Removing processed Dog of Interest from MyAKC
  +- Queueing 2 parent record(s) for generation 30

Hannibal Elscid Collier
------------------------------------------------------------------------
Generation 29
  +- Searching AKC by name
  +- Trying AKC name candidate: Hannibal Elscid Collier
  +- Resolved AKC identity: Hannibal Elscid Collier (WF270722)
  +- Reading MyAKC Dog Information
  +- Generating compact Herding Test/Trial PDF
  +- Saved record as akc:WF270722
  +- Removing processed Dog of Interest from MyAKC
  +- Queueing 2 parent record(s) for generation 30

Stormy Collier
------------------------------------------------------------------------
Generation 29
  +- Searching AKC by name
  +- Trying AKC name candidate: Stormy Collier
  +- Resolved AKC identity: Stormy Collier (WF631083)
  +- Reading MyAKC Dog Information
  +- Generating compact Herding Test/Trial PDF
  +- Saved record as akc:WF631083
  +- Removing processed Dog of Interest from MyAKC
  +- Queueing 2 parent record(s) for generation 30

Kimbertal's Divinity Lee
------------------------------------------------------------------------
Generation 29
  +- Searching AKC by name
  +- Trying AKC name candidate: Kimbertal's Divinity Lee
  +- Resolved AKC identity: Kimbertal's Divinity Lee (WF762538)
  +- Reading MyAKC Dog Information
  +- Generating compact Herding Test/Trial PDF
  +- Saved record as akc:WF762538
  +- Removing processed Dog of Interest from MyAKC
  +- Queueing 1 parent record(s) for generation 30

CH Royaltons Indeliable Mark
------------------------------------------------------------------------
Generation 29
  +- Searching AKC by name
  +- Trying AKC name candidate: CH Royaltons Indeliable Mark
  +- Trying AKC name candidate: Royaltons Indeliable Mark
  +- Resolved AKC identity: CH Royaltons Indeliable Mark (WE423940)
  +- Reading MyAKC Dog Information
  +- Generating compact Herding Test/Trial PDF
  +- Saved record as akc:WE423940
  +- Removing processed Dog of Interest from MyAKC
  +- Queueing 1 parent record(s) for generation 30

Spades Lace In Space
------------------------------------------------------------------------
Generation 29
  +- Searching AKC by name
  +- Trying AKC name candidate: Spades Lace In Space
  +- Resolved AKC identity: Spades Lace In Space (WD427315)
  +- Reading MyAKC Dog Information
  +- Generating compact Herding Test/Trial PDF
  +- Saved record as akc:WD427315
  +- Removing processed Dog of Interest from MyAKC
  +- Queueing 2 parent record(s) for generation 30

Kimbertal's Katie Angel
------------------------------------------------------------------------
Generation 29
  +- Searching AKC by name
  +- Trying AKC name candidate: Kimbertal's Katie Angel
  +- Resolved AKC identity: Kimbertal's Katie Angel (WF931376)
  +- Reading MyAKC Dog Information
  +- Generating compact Herding Test/Trial PDF
  +- Saved record as akc:WF931376
  +- Removing processed Dog of Interest from MyAKC
  +- Queueing 2 parent record(s) for generation 30

Kimbertal's Shadow Lady
------------------------------------------------------------------------
Generation 29
  +- Searching AKC by name
  +- Trying AKC name candidate: Kimbertal's Shadow Lady
  +- Resolved AKC identity: Kimbertal's Shadow Lady (WF761332)
  +- Reading MyAKC Dog Information
  +- Generating compact Herding Test/Trial PDF
  +- Saved record as akc:WF761332
  +- Removing processed Dog of Interest from MyAKC
  +- Queueing 2 parent record(s) for generation 30

DV Sgr Bingo v Ellendonk FH SchH3 IPO3 ZVA-1A
------------------------------------------------------------------------
Generation 29
  +- Searching AKC by name
  +- Trying AKC name candidate: DV Sgr Bingo v Ellendonk FH SchH3 IPO3 ZVA-1A
  +- AKC name lookup: not_found
  +- Checking DobeQuest identity index
    +- DobeQuest-only profile 5342; skipping AKC PDF

Boschka v Klosterkamp
------------------------------------------------------------------------
Generation 29
  +- Searching AKC by name
  +- Trying AKC name candidate: Boschka v Klosterkamp
  +- AKC name lookup: not_found
  +- Checking DobeQuest identity index
    +- DobeQuest-only profile 5343; skipping AKC PDF

Ger/Int/VDH Ch BD/DV/IDC/Welt Sgr Bronco v Zenn SchH3 Angek K1 I ADPr
------------------------------------------------------------------------
Generation 29
  +- Searching AKC by name
  +- Trying AKC name candidate: Ger/Int/VDH Ch BD/DV/IDC/Welt Sgr Bronco v Zenn SchH3 Angek K1 I ADPr
  +- AKC name lookup: not_found
  +- Checking DobeQuest identity index
    +- DobeQuest-only profile 5374; skipping AKC PDF

Hesta v Sonnenhof SchH 3 IPO 1 angek Kl. I
------------------------------------------------------------------------
Generation 29
  +- Searching AKC by name
  +- Trying AKC name candidate: Hesta v Sonnenhof SchH 3 IPO 1 angek Kl. I
  +- Trying AKC name candidate: Hesta v Sonnenhof SchH 3 IPO 1 angek Kl.
  +- AKC name lookup: not_found
  +- Checking DobeQuest identity index
    +- DobeQuest-only profile 13553; skipping AKC PDF

Antares Ashley Wilkes
------------------------------------------------------------------------
Generation 29
  +- Searching AKC by name
  +- Trying AKC name candidate: Antares Ashley Wilkes
  +- Resolved AKC identity: Antares Ashley Wilkes (WE976517)
  +- Reading MyAKC Dog Information
  +- Generating compact Herding Test/Trial PDF
  +- Saved record as akc:WE976517
  +- Removing processed Dog of Interest from MyAKC

Mystic Of Kimbertal
------------------------------------------------------------------------
Generation 29
  +- Searching AKC by name
  +- Trying AKC name candidate: Mystic Of Kimbertal
  +- Resolved AKC identity: Mystic Of Kimbertal (WF189399)
  +- Reading MyAKC Dog Information
  +- Generating compact Herding Test/Trial PDF
  +- Saved record as akc:WF189399
  +- Removing processed Dog of Interest from MyAKC
  +- Queueing 1 parent record(s) for generation 30

Annsdreme Hello Dolly
------------------------------------------------------------------------
Generation 29
+- Reusing local PDF by normalized name: AHN999_100354999689WB12277419092026073729668.pdf
+- Using existing checkpoint (resolved_from_pdf_cache)
  +- Queueing 1 parent record(s) for generation 30

Kirkors Tanya
------------------------------------------------------------------------
Generation 29
+- Reusing local PDF by normalized name: AHN999_100354999689WB46029519092026021103807.pdf
+- Using existing checkpoint (resolved_from_pdf_cache)

Kimbertal's Vendea
------------------------------------------------------------------------
Generation 29
  +- Searching AKC by name
  +- Trying AKC name candidate: Kimbertal's Vendea
  +- Resolved AKC identity: Kimbertal's Vendea (WC197902)
  +- Reading MyAKC Dog Information
  +- Generating compact Herding Test/Trial PDF
  +- Saved record as akc:WC197902
  +- Removing processed Dog of Interest from MyAKC
  +- Queueing 1 parent record(s) for generation 30

Kimbertal's Coffee Tea Or Me
------------------------------------------------------------------------
Generation 29
  +- Searching AKC by name
  +- Trying AKC name candidate: Kimbertal's Coffee Tea Or Me
  +- Resolved AKC identity: Kimbertal's Coffee Tea Or Me (WD002008)
  +- Reading MyAKC Dog Information
  +- Generating compact Herding Test/Trial PDF
  +- Saved record as akc:WD002008
  +- Removing processed Dog of Interest from MyAKC
  +- Queueing 1 parent record(s) for generation 30

Princess Raven Of Woodland
------------------------------------------------------------------------
Generation 29
  +- Searching AKC by name
  +- Trying AKC name candidate: Princess Raven Of Woodland
  +- Resolved AKC identity: Princess Raven Of Woodland (WD816570)
  +- Reading MyAKC Dog Information
  +- Generating compact Herding Test/Trial PDF
  +- Saved record as akc:WD816570
  +- Removing processed Dog of Interest from MyAKC
  +- Queueing 2 parent record(s) for generation 30

Dukers II
------------------------------------------------------------------------
Generation 29
  +- Searching AKC by name
  +- Trying AKC name candidate: Dukers II
  +- Trying AKC name candidate: Dukers
  +- Resolved AKC identity: Dukers II (WE866031)
  +- Reading MyAKC Dog Information
  +- Generating compact Herding Test/Trial PDF
  +- Saved record as akc:WE866031
  +- Removing processed Dog of Interest from MyAKC
  +- Queueing 2 parent record(s) for generation 30

Albert's Misty Black Satin
------------------------------------------------------------------------
Generation 29
  +- Searching AKC by name
  +- Trying AKC name candidate: Albert's Misty Black Satin
  +- Resolved AKC identity: Albert's Misty Black Satin (WE866023)
  +- Reading MyAKC Dog Information
  +- Generating compact Herding Test/Trial PDF
  +- Saved record as akc:WE866023
  +- Removing processed Dog of Interest from MyAKC

Shannon Marmaduke Mercer
------------------------------------------------------------------------
Generation 29
  +- Searching AKC by name
  +- Trying AKC name candidate: Shannon Marmaduke Mercer
  +- Resolved AKC identity: Shannon Marmaduke Mercer (WC880330)
  +- Reading MyAKC Dog Information
  +- Generating compact Herding Test/Trial PDF
  +- Saved record as akc:WC880330
  +- Removing processed Dog of Interest from MyAKC
  +- Queueing 2 parent record(s) for generation 30

Sheiba Of The Ville
------------------------------------------------------------------------
Generation 29
  +- Searching AKC by name
  +- Trying AKC name candidate: Sheiba Of The Ville
  +- Resolved AKC identity: Sheiba Of The Ville (WE182709)
  +- Reading MyAKC Dog Information
  +- Generating compact Herding Test/Trial PDF
  +- Saved record as akc:WE182709
  +- Removing processed Dog of Interest from MyAKC

Mi-Jon's Satan's Son
------------------------------------------------------------------------
Generation 29
  +- Searching AKC by name
  +- Trying AKC name candidate: Mi-Jon's Satan's Son
  +- Resolved AKC identity: Mi-Jon's Satan's Son (WC774339)
  +- Reading MyAKC Dog Information
  +- Generating compact Herding Test/Trial PDF
  +- Saved record as akc:WC774339
  +- Removing processed Dog of Interest from MyAKC
  +- Queueing 1 parent record(s) for generation 30

Satan's Sugar
------------------------------------------------------------------------
Generation 29
  +- Searching AKC by name
  +- Trying AKC name candidate: Satan's Sugar
  +- Resolved AKC identity: Satan's Sugar (WC778681)
  +- Reading MyAKC Dog Information
  +- Generating compact Herding Test/Trial PDF
  +- Saved record as akc:WC778681
  +- Removing processed Dog of Interest from MyAKC
  +- Queueing 2 parent record(s) for generation 30

Rolph Von Trapp
------------------------------------------------------------------------
Generation 29
  +- Searching AKC by name
  +- Trying AKC name candidate: Rolph Von Trapp
  +- Resolved AKC identity: Rolph Von Trapp (WC191262)
  +- Reading MyAKC Dog Information
  +- Generating compact Herding Test/Trial PDF
  +- Saved record as akc:WC191262
  +- Removing processed Dog of Interest from MyAKC
  +- Queueing 1 parent record(s) for generation 30

Crimson Heidi Of Marklynne
------------------------------------------------------------------------
Generation 29
  +- Searching AKC by name
  +- Trying AKC name candidate: Crimson Heidi Of Marklynne
  +- Resolved AKC identity: Crimson Heidi Of Marklynne (WB974742)
  +- Reading MyAKC Dog Information
  +- Generating compact Herding Test/Trial PDF
  +- Saved record as akc:WB974742
  +- Removing processed Dog of Interest from MyAKC
  +- Queueing 1 parent record(s) for generation 30

Waldis Alexas Of Beau-Lane
------------------------------------------------------------------------
Generation 29
  +- Searching AKC by name
  +- Trying AKC name candidate: Waldis Alexas Of Beau-Lane
  +- Resolved AKC identity: Waldis Alexas Of Beau-Lane (WA828159)
  +- Reading MyAKC Dog Information
  +- Generating compact Herding Test/Trial PDF
  +- Saved record as akc:WA828159
  +- Removing processed Dog of Interest from MyAKC

Jr's Lady Katja
------------------------------------------------------------------------
Generation 29
  +- Searching AKC by name
  +- Trying AKC name candidate: Jr's Lady Katja
  +- Resolved AKC identity: Jr's Lady Katja (WC391361)
  +- Reading MyAKC Dog Information
  +- Generating compact Herding Test/Trial PDF
  +- Saved record as akc:WC391361
  +- Removing processed Dog of Interest from MyAKC
  +- Queueing 2 parent record(s) for generation 30

Glencannon's Pied Piper
------------------------------------------------------------------------
Generation 29
  +- Searching AKC by name
  +- Trying AKC name candidate: Glencannon's Pied Piper
  +- Resolved AKC identity: Glencannon's Pied Piper (WC304430)
  +- Reading MyAKC Dog Information
  +- Generating compact Herding Test/Trial PDF
  +- Saved record as akc:WC304430
  +- Removing processed Dog of Interest from MyAKC
  +- Queueing 1 parent record(s) for generation 30

Saber Queen Of The Pacific
------------------------------------------------------------------------
Generation 29
  +- Searching AKC by name
  +- Trying AKC name candidate: Saber Queen Of The Pacific
  +- Resolved AKC identity: Saber Queen Of The Pacific (WC336964)
  +- Reading MyAKC Dog Information
  +- Generating compact Herding Test/Trial PDF
  +- Saved record as akc:WC336964
  +- Removing processed Dog of Interest from MyAKC
  +- Queueing 2 parent record(s) for generation 30

Rex of Pontchartrain
------------------------------------------------------------------------
Generation 29
  +- Searching AKC by name
  +- Trying AKC name candidate: Rex of Pontchartrain
  +- AKC name lookup: not_found
  +- Checking DobeQuest identity index
    +- DobeQuest match 16865 → AKC A123176
    +- Trying AKC number lookup: A123176
    +- DobeQuest-only profile 16865; skipping AKC PDF

Lola of Pontchartrain
------------------------------------------------------------------------
Generation 29
  +- Searching AKC by name
  +- Trying AKC name candidate: Lola of Pontchartrain
  +- AKC name lookup: not_found
  +- Checking DobeQuest identity index
    +- DobeQuest match 16866 → AKC A144417
    +- Trying AKC number lookup: A144417
    +- DobeQuest-only profile 16866; skipping AKC PDF

Gansel Lump
------------------------------------------------------------------------
Generation 29
  +- Searching AKC by name
  +- Trying AKC name candidate: Gansel Lump
  +- AKC name lookup: not_found
  +- Checking DobeQuest identity index
    +- DobeQuest-only profile 22900; skipping AKC PDF

Lustspiel v Koningstad
------------------------------------------------------------------------
Generation 29
  +- Searching AKC by name
  +- Trying AKC name candidate: Lustspiel v Koningstad
  +- AKC name lookup: not_found
  +- Checking DobeQuest identity index
    +- DobeQuest-only profile 13116; skipping AKC PDF

Remo v Bergstrasse
------------------------------------------------------------------------
Generation 29
  +- Searching AKC by name
  +- Trying AKC name candidate: Remo v Bergstrasse
  +- AKC name lookup: not_found
  +- Checking DobeQuest identity index
    +- DobeQuest-only profile 14117; skipping AKC PDF

Liese v Jutte
------------------------------------------------------------------------
Generation 29
  +- Searching AKC by name
  +- Trying AKC name candidate: Liese v Jutte
  +- AKC name lookup: not_found
  +- Checking DobeQuest identity index
    +- DobeQuest-only profile 48109; skipping AKC PDF

Rolf of Vesterled
------------------------------------------------------------------------
Generation 29
  +- Searching AKC by name
  +- Trying AKC name candidate: Rolf of Vesterled
  +- AKC name lookup: not_found
  +- Checking DobeQuest identity index
    +- DobeQuest-only profile 33965; skipping AKC PDF

Lord v Rheintor
------------------------------------------------------------------------
Generation 29
  +- Searching AKC by name
  +- Trying AKC name candidate: Lord v Rheintor
  +- AKC name lookup: not_found
  +- Checking DobeQuest identity index
    +- DobeQuest-only profile 48115; skipping AKC PDF

Lona Limburg v Langen
------------------------------------------------------------------------
Generation 29
  +- Searching AKC by name
  +- Trying AKC name candidate: Lona Limburg v Langen
  +- AKC name lookup: not_found
  +- Checking DobeQuest identity index
    +- DobeQuest-only profile 48116; skipping AKC PDF

Lux vd Saar
------------------------------------------------------------------------
Generation 29
  +- Searching AKC by name
  +- Trying AKC name candidate: Lux vd Saar
  +- AKC name lookup: not_found
  +- Checking DobeQuest identity index
    +- DobeQuest-only profile 48117; skipping AKC PDF

Erna v Nibelungenhort
------------------------------------------------------------------------
Generation 29
  +- Searching AKC by name
  +- Trying AKC name candidate: Erna v Nibelungenhort
  +- AKC name lookup: not_found
  +- Checking DobeQuest identity index
    +- DobeQuest-only profile 48118; skipping AKC PDF

Meta v Ostersee
------------------------------------------------------------------------
Generation 29
  +- Searching AKC by name
  +- Trying AKC name candidate: Meta v Ostersee
  +- AKC name lookup: not_found
  +- Checking DobeQuest identity index
    +- DobeQuest-only profile 13304; skipping AKC PDF

Matthias v Nibelungenhort
------------------------------------------------------------------------
Generation 29
  +- Searching AKC by name
  +- Trying AKC name candidate: Matthias v Nibelungenhort
  +- AKC name lookup: not_found
  +- Checking DobeQuest identity index
    +- DobeQuest-only profile 33959; skipping AKC PDF

Tilly v Nibelungenhort
------------------------------------------------------------------------
Generation 29
  +- Searching AKC by name
  +- Trying AKC name candidate: Tilly v Nibelungenhort
  +- AKC name lookup: not_found
  +- Checking DobeQuest identity index
    +- DobeQuest-only profile 47045; skipping AKC PDF

Swen Heidu
------------------------------------------------------------------------
Generation 29
  +- Searching AKC by name
  +- Trying AKC name candidate: Swen Heidu
  +- AKC name lookup: not_found
  +- Checking DobeQuest identity index
    +- DobeQuest-only profile 27205; skipping AKC PDF

Affra v Margarten
------------------------------------------------------------------------
Generation 29
  +- Searching AKC by name
  +- Trying AKC name candidate: Affra v Margarten
  +- AKC name lookup: not_found
  +- Checking DobeQuest identity index
    +- DobeQuest-only profile 27275; skipping AKC PDF

CH Highbriar Halla CD
------------------------------------------------------------------------
Generation 29
+- Reusing local PDF by normalized name: AHN999_100354999689WA13941219092026062433572.pdf
+- Using existing checkpoint (resolved_from_pdf_cache)

CH Cassadobe's Red Baron
------------------------------------------------------------------------
Generation 30
+- Reusing local PDF by normalized name: AHN999_100354999689WB13158922092026012853255.pdf
+- Using existing checkpoint (resolved_from_pdf_cache)
  +- Queueing 1 parent record(s) for generation 31

CH Pandolph's Aces N' Eights
------------------------------------------------------------------------
Generation 30
+- Reusing local PDF by normalized name: AHN999_100354999689WB34014522092026012939388.pdf
+- Using existing checkpoint (resolved_from_pdf_cache)
  +- Queueing 1 parent record(s) for generation 31

Fuehrer's Baron Of Louisane
------------------------------------------------------------------------
Generation 30
+- Reusing local PDF by normalized name: AHN999_100354999689WB4976261909202609374840.pdf
+- Using existing checkpoint (resolved_from_pdf_cache)
  +- Queueing 2 parent record(s) for generation 31

Gabriel Von Eva
------------------------------------------------------------------------
Generation 30
+- Reusing local PDF by normalized name: AHN999_100354999689WB89099719092026093758349.pdf
+- Using existing checkpoint (resolved_from_pdf_cache)
  +- Queueing 2 parent record(s) for generation 31

Toska v Warteberg
------------------------------------------------------------------------
Generation 30
  +- Searching AKC by name
  +- Trying AKC name candidate: Toska v Warteberg
  +- AKC name lookup: not_found
  +- Checking DobeQuest identity index
    +- DobeQuest-only profile 14736; skipping AKC PDF

Astor vd Residenz
------------------------------------------------------------------------
Generation 30
  +- Searching AKC by name
  +- Trying AKC name candidate: Astor vd Residenz
  +- AKC name lookup: not_found
  +- Checking DobeQuest identity index
    +- DobeQuest-only profile 32917; skipping AKC PDF

Senta v Gross-Berlin
------------------------------------------------------------------------
Generation 30
  +- Searching AKC by name
  +- Trying AKC name candidate: Senta v Gross-Berlin
  +- AKC name lookup: not_found
  +- Checking DobeQuest identity index
    +- DobeQuest-only profile 17514; skipping AKC PDF

Harras v Otzberg
------------------------------------------------------------------------
Generation 30
  +- Searching AKC by name
  +- Trying AKC name candidate: Harras v Otzberg
  +- AKC name lookup: not_found
  +- Checking DobeQuest identity index
    +- DobeQuest-only profile 48874; skipping AKC PDF

Senta v Umstadt
------------------------------------------------------------------------
Generation 30
  +- Searching AKC by name
  +- Trying AKC name candidate: Senta v Umstadt
  +- AKC name lookup: not_found
  +- Checking DobeQuest identity index
    +- DobeQuest-only profile 48150; skipping AKC PDF

Guntram v Grammont
------------------------------------------------------------------------
Generation 30
  +- Searching AKC by name
  +- Trying AKC name candidate: Guntram v Grammont
  +- AKC name lookup: not_found
  +- Checking DobeQuest identity index
    +- DobeQuest-only profile 33934; skipping AKC PDF

Brunhilde vd Pleissenburg
------------------------------------------------------------------------
Generation 30
  +- Searching AKC by name
  +- Trying AKC name candidate: Brunhilde vd Pleissenburg
  +- AKC name lookup: not_found
  +- Checking DobeQuest identity index
    +- DobeQuest-only profile 33935; skipping AKC PDF

Brunhilde v Wiesengrund
------------------------------------------------------------------------
Generation 30
  +- Searching AKC by name
  +- Trying AKC name candidate: Brunhilde v Wiesengrund
  +- AKC name lookup: not_found
  +- Checking DobeQuest identity index
    +- DobeQuest match 48170 → AKC AKC427758
    +- Trying AKC number lookup: AKC427758
    +- DobeQuest-only profile 48170; skipping AKC PDF

Mohrchen v Bassewitz
------------------------------------------------------------------------
Generation 30
  +- Searching AKC by name
  +- Trying AKC name candidate: Mohrchen v Bassewitz
  +- AKC name lookup: not_found
  +- Checking DobeQuest identity index
    +- DobeQuest match 27132 → AKC A494649
    +- Trying AKC number lookup: A494649
    +- DobeQuest-only profile 27132; skipping AKC PDF

Tell vd Blankenburg
------------------------------------------------------------------------
Generation 30
  +- Searching AKC by name
  +- Trying AKC name candidate: Tell vd Blankenburg
  +- AKC name lookup: not_found
  +- Checking DobeQuest identity index
    +- DobeQuest-only profile 21834; skipping AKC PDF

Braunhilde v Rottal
------------------------------------------------------------------------
Generation 30
  +- Searching AKC by name
  +- Trying AKC name candidate: Braunhilde v Rottal
  +- AKC name lookup: not_found
  +- Checking DobeQuest identity index
    +- DobeQuest-only profile 48175; skipping AKC PDF

Peter v Baketal
------------------------------------------------------------------------
Generation 30
  +- Searching AKC by name
  +- Trying AKC name candidate: Peter v Baketal
  +- AKC name lookup: not_found
  +- Checking DobeQuest identity index
    +- DobeQuest-only profile 48177; skipping AKC PDF

Antje vd Graalsburg
------------------------------------------------------------------------
Generation 30
  +- Searching AKC by name
  +- Trying AKC name candidate: Antje vd Graalsburg
  +- AKC name lookup: not_found
  +- Checking DobeQuest identity index
    +- DobeQuest-only profile 48178; skipping AKC PDF

Hexe vd Eckardtsburg
------------------------------------------------------------------------
Generation 30
  +- Searching AKC by name
  +- Trying AKC name candidate: Hexe vd Eckardtsburg
  +- AKC name lookup: not_found
  +- Checking DobeQuest identity index
    +- DobeQuest-only profile 57322; skipping AKC PDF

Lucinda Vom Ahrtal
------------------------------------------------------------------------
Generation 30
+- Reusing local PDF by normalized name: AHN999_100354999689WA90323819092026014359424.pdf
+- Using existing checkpoint (resolved_from_pdf_cache)
  +- Queueing 2 parent record(s) for generation 31

Hercules VII CDX
------------------------------------------------------------------------
Generation 30
  +- Searching AKC by name
  +- Trying AKC name candidate: Hercules VII CDX
  +- Trying AKC name candidate: Hercules VII
  +- Trying AKC name candidate: Hercules
  +- Resolved AKC identity: Hercules VII (WA670787)
  +- Reading MyAKC Dog Information
  +- Generating compact Herding Test/Trial PDF
  +- Saved record as akc:WA670787
  +- Removing processed Dog of Interest from MyAKC
  +- Queueing 2 parent record(s) for generation 31

Vicki Reva De Ayrlawn
------------------------------------------------------------------------
Generation 30
+- Reusing local PDF by normalized name: AHN999_100354999689WA6898671909202601442246.pdf
+- Using existing checkpoint (resolved_from_pdf_cache)

Jay's Lady Koko
------------------------------------------------------------------------
Generation 30
+- Reusing local PDF by normalized name: AHN999_100354999689WA8912201909202601443166.pdf
+- Using existing checkpoint (resolved_from_pdf_cache)

Muscor's Beenut Von Evans
------------------------------------------------------------------------
Generation 30
+- Reusing local PDF by normalized name: AHN999_100354999689WA26985019092026014441252.pdf
+- Using existing checkpoint (resolved_from_pdf_cache)

Duchess De Ras Dashan
------------------------------------------------------------------------
Generation 30
+- Reusing local PDF by normalized name: AHN999_100354999689WA30500619092026014457681.pdf
+- Using existing checkpoint (resolved_from_pdf_cache)
  +- Queueing 2 parent record(s) for generation 31

CH Charem's Bimini UD
------------------------------------------------------------------------
Generation 30
+- Reusing local PDF by normalized name: AHN999_100354999689WA62090719092026014508529.pdf
+- Using existing checkpoint (resolved_from_pdf_cache)
  +- Queueing 1 parent record(s) for generation 31

Amerbrit's Wendy
------------------------------------------------------------------------
Generation 30
+- Reusing local PDF by normalized name: AHN999_100354999689WA98888619092026014518237.pdf
+- Using existing checkpoint (resolved_from_pdf_cache)
  +- Queueing 2 parent record(s) for generation 31

Charem's Tresi Von Texan
------------------------------------------------------------------------
Generation 30
+- Reusing local PDF by normalized name: AHN999_100354999689WA73303919092026014527267.pdf
+- Using existing checkpoint (resolved_from_pdf_cache)
  +- Queueing 2 parent record(s) for generation 31

Amerbrit's Flaming Gem
------------------------------------------------------------------------
Generation 30
  +- Searching AKC by name
  +- Trying AKC name candidate: Amerbrit's Flaming Gem
  +- Resolved AKC identity: Amerbrit's Flaming Gem (WB140716)
  +- Reading MyAKC Dog Information
  +- Generating compact Herding Test/Trial PDF
  +- Saved record as akc:WB140716
  +- Removing processed Dog of Interest from MyAKC
  +- Queueing 1 parent record(s) for generation 31

Sunflower Of Miami
------------------------------------------------------------------------
Generation 30
  +- Searching AKC by name
  +- Trying AKC name candidate: Sunflower Of Miami
  +- Resolved AKC identity: Sunflower Of Miami (WB051615)
  +- Reading MyAKC Dog Information
  +- Generating compact Herding Test/Trial PDF
  +- Saved record as akc:WB051615
  +- Removing processed Dog of Interest from MyAKC
  +- Queueing 2 parent record(s) for generation 31

Alba's Flame
------------------------------------------------------------------------
Generation 30
+- Reusing local PDF by normalized name: AHN999_100354999689WB410274190920260145484.pdf
+- Using existing checkpoint (resolved_from_pdf_cache)
  +- Queueing 1 parent record(s) for generation 31

Rommel Red
------------------------------------------------------------------------
Generation 30
+- Reusing local PDF by normalized name: AHN999_100354999689WA14197619092026014557497.pdf
+- Using existing checkpoint (resolved_from_pdf_cache)
  +- Queueing 2 parent record(s) for generation 31

Princess Athena Of Morrison
------------------------------------------------------------------------
Generation 30
+- Reusing local PDF by normalized name: AHN999_100354999689WA64936419092026014606949.pdf
+- Using existing checkpoint (resolved_from_pdf_cache)

Hilda v Hessen
------------------------------------------------------------------------
Generation 30
  +- Searching AKC by name
  +- Trying AKC name candidate: Hilda v Hessen
  +- AKC name lookup: not_found
  +- Checking DobeQuest identity index
    +- DobeQuest-only profile 12534; skipping AKC PDF

Diana v Thueringen Athen
------------------------------------------------------------------------
Generation 30
  +- Searching AKC by name
  +- Trying AKC name candidate: Diana v Thueringen Athen
  +- AKC name lookup: not_found
  +- Checking DobeQuest identity index
    +- DobeQuest-only profile 15214; skipping AKC PDF

Dener v Fernricht
------------------------------------------------------------------------
Generation 30
  +- Searching AKC by name
  +- Trying AKC name candidate: Dener v Fernricht
  +- AKC name lookup: not_found
  +- Checking DobeQuest identity index
    +- DobeQuest-only profile 15335; skipping AKC PDF

Hauafat-Wolfgang-Brockmaster
------------------------------------------------------------------------
Generation 30
  +- Searching AKC by name
  +- Trying AKC name candidate: Hauafat-Wolfgang-Brockmaster
  +- Resolved AKC identity: Hauafat-Wolfgang-Brockmaster (WP49226603)
  +- Reading MyAKC Dog Information
  +- Generating compact Herding Test/Trial PDF
  +- Saved record as akc:WP49226603
  +- Removing processed Dog of Interest from MyAKC
  +- Queueing 2 parent record(s) for generation 31

Miss Muley Dussy Brolkmaster
------------------------------------------------------------------------
Generation 30
  +- Searching AKC by name
  +- Trying AKC name candidate: Miss Muley Dussy Brolkmaster
  +- Resolved AKC identity: Miss Muley Dussy Brolkmaster (WP72873111)
  +- Reading MyAKC Dog Information
  +- Generating compact Herding Test/Trial PDF
  +- Saved record as akc:WP72873111
  +- Removing processed Dog of Interest from MyAKC
  +- Queueing 2 parent record(s) for generation 31

Sir Gouvy Sebastian
------------------------------------------------------------------------
Generation 30
  +- Searching AKC by name
  +- Trying AKC name candidate: Sir Gouvy Sebastian
  +- Resolved AKC identity: Sir Gouvy Sebastian (WP42629612)
  +- Reading MyAKC Dog Information
  +- Generating compact Herding Test/Trial PDF
  +- Saved record as akc:WP42629612
  +- Removing processed Dog of Interest from MyAKC
  +- Queueing 2 parent record(s) for generation 31

Zach's Tori Teniel
------------------------------------------------------------------------
Generation 30
  +- Searching AKC by name
  +- Trying AKC name candidate: Zach's Tori Teniel
  +- Resolved AKC identity: Zach's Tori Teniel (WP58282705)
  +- Reading MyAKC Dog Information
  +- Generating compact Herding Test/Trial PDF
  +- Saved record as akc:WP58282705
  +- Removing processed Dog of Interest from MyAKC
  +- Queueing 2 parent record(s) for generation 31

Sir Sampson Jenkins II
------------------------------------------------------------------------
Generation 30
  +- Searching AKC by name
  +- Trying AKC name candidate: Sir Sampson Jenkins II
  +- Trying AKC name candidate: Sir Sampson Jenkins
  +- Resolved AKC identity: Sir Sampson Jenkins II (WP42629602)
  +- Reading MyAKC Dog Information
  +- Generating compact Herding Test/Trial PDF
  +- Saved record as akc:WP42629602
  +- Removing processed Dog of Interest from MyAKC
  +- Queueing 2 parent record(s) for generation 31

Precious Petunia Russell
------------------------------------------------------------------------
Generation 30
  +- Searching AKC by name
  +- Trying AKC name candidate: Precious Petunia Russell
  +- Resolved AKC identity: Precious Petunia Russell (WP80186902)
  +- Reading MyAKC Dog Information
  +- Generating compact Herding Test/Trial PDF
  +- Saved record as akc:WP80186902
  +- Removing processed Dog of Interest from MyAKC
  +- Queueing 2 parent record(s) for generation 31

Dempsey Dumpster
------------------------------------------------------------------------
Generation 30
  +- Searching AKC by name
  +- Trying AKC name candidate: Dempsey Dumpster
  +- Resolved AKC identity: Dempsey Dumpster (WP51818806)
  +- Reading MyAKC Dog Information
  +- Generating compact Herding Test/Trial PDF
  +- Saved record as akc:WP51818806
  +- Removing processed Dog of Interest from MyAKC
  +- Queueing 2 parent record(s) for generation 31

Louise IX
------------------------------------------------------------------------
Generation 30
  +- Searching AKC by name
  +- Trying AKC name candidate: Louise IX
  +- Trying AKC name candidate: Louise
  +- Resolved AKC identity: Louise IX (WP58180801)
  +- Reading MyAKC Dog Information
  +- Generating compact Herding Test/Trial PDF
  +- Saved record as akc:WP58180801
  +- Removing processed Dog of Interest from MyAKC
  +- Queueing 2 parent record(s) for generation 31

Joshua's Surprise Dream
------------------------------------------------------------------------
Generation 30
+- Reusing local PDF by normalized name: AHN999_100354999689WP7669470619092026015553508.pdf
+- Using existing checkpoint (resolved_from_pdf_cache)
  +- Queueing 2 parent record(s) for generation 31

Hunter Oaks Cirdan
------------------------------------------------------------------------
Generation 30
+- Reusing local PDF by normalized name: AHN999_100354999689WP8027540719092026015602554.pdf
+- Using existing checkpoint (resolved_from_pdf_cache)
  +- Queueing 2 parent record(s) for generation 31

Hans Von Jenks
------------------------------------------------------------------------
Generation 30
+- Reusing local PDF by normalized name: AHN999_100354999689WP4157220819092026015611164.pdf
+- Using existing checkpoint (resolved_from_pdf_cache)
  +- Queueing 2 parent record(s) for generation 31

Princess Blue Belle Of Gray
------------------------------------------------------------------------
Generation 30
+- Reusing local PDF by normalized name: AHN999_100354999689WP731827051909202601562267.pdf
+- Using existing checkpoint (resolved_from_pdf_cache)
  +- Queueing 2 parent record(s) for generation 31

Bonanza Von Martini
------------------------------------------------------------------------
Generation 30
+- Reusing local PDF by normalized name: AHN999_100354999689WG42049219092026015631472.pdf
+- Using existing checkpoint (resolved_from_pdf_cache)
  +- Queueing 2 parent record(s) for generation 31

Chatabout Portia
------------------------------------------------------------------------
Generation 30
+- Reusing local PDF by normalized name: AHN999_100354999689WP3814160219092026015640172.pdf
+- Using existing checkpoint (resolved_from_pdf_cache)
  +- Queueing 2 parent record(s) for generation 31

Bailey's Red Shotgun
------------------------------------------------------------------------
Generation 30
+- Reusing local PDF by normalized name: AHN999_100354999689WP3286620219092026015648737.pdf
+- Using existing checkpoint (resolved_from_pdf_cache)
  +- Queueing 2 parent record(s) for generation 31

Bonanza Von Sheba
------------------------------------------------------------------------
Generation 30
+- Reusing local PDF by normalized name: AHN999_100354999689WP317869011909202601565798.pdf
+- Using existing checkpoint (resolved_from_pdf_cache)
  +- Queueing 1 parent record(s) for generation 31

Patton Bo Hannon
------------------------------------------------------------------------
Generation 30
+- Reusing local PDF by normalized name: AHN999_100354999689WD87668419092026014628693.pdf
+- Using existing checkpoint (resolved_from_pdf_cache)
  +- Queueing 2 parent record(s) for generation 31

Blu Bo Hannon
------------------------------------------------------------------------
Generation 30
+- Reusing local PDF by normalized name: AHN999_100354999689WE09032419092026014637794.pdf
+- Using existing checkpoint (resolved_from_pdf_cache)
  +- Queueing 2 parent record(s) for generation 31

Mike's Drifter
------------------------------------------------------------------------
Generation 30
+- Reusing local PDF by normalized name: AHN999_100354999689WE18927819092026014647957.pdf
+- Using existing checkpoint (resolved_from_pdf_cache)

Ladys Dazzling Starr
------------------------------------------------------------------------
Generation 30
+- Reusing local PDF by normalized name: AHN999_100354999689WE64518119092026014657256.pdf
+- Using existing checkpoint (resolved_from_pdf_cache)
  +- Queueing 2 parent record(s) for generation 31

Rojas Captain Hook
------------------------------------------------------------------------
Generation 30
+- Reusing local PDF by normalized name: AHN999_100354999689WE60632919092026014706564.pdf
+- Using existing checkpoint (resolved_from_pdf_cache)
  +- Queueing 2 parent record(s) for generation 31

Lady Von Vandervilt
------------------------------------------------------------------------
Generation 30
+- Reusing local PDF by normalized name: AHN999_100354999689WE75228219092026014715435.pdf
+- Using existing checkpoint (resolved_from_pdf_cache)
  +- Queueing 2 parent record(s) for generation 31

Dannys Rambo
------------------------------------------------------------------------
Generation 30
+- Reusing local PDF by normalized name: AHN999_100354999689WF53382819092026014724569.pdf
+- Using existing checkpoint (resolved_from_pdf_cache)
  +- Queueing 2 parent record(s) for generation 31

Dobie Sugar Chupp
------------------------------------------------------------------------
Generation 30
+- Reusing local PDF by normalized name: AHN999_100354999689WF50466319092026014740247.pdf
+- Using existing checkpoint (resolved_from_pdf_cache)
  +- Queueing 2 parent record(s) for generation 31

Blackberry Brandy XV
------------------------------------------------------------------------
Generation 30
  +- Searching AKC by name
  +- Trying AKC name candidate: Blackberry Brandy XV
  +- Trying AKC name candidate: Blackberry Brandy
  +- Resolved AKC identity: Blackberry Brandy XV (WE340658)
  +- Reading MyAKC Dog Information
  +- Generating compact Herding Test/Trial PDF
  +- Saved record as akc:WE340658
  +- Removing processed Dog of Interest from MyAKC
  +- Queueing 2 parent record(s) for generation 31

Sarah Deja Mae
------------------------------------------------------------------------
Generation 30
+- Reusing local PDF by normalized name: AHN999_100354999689WF1281241909202601475391.pdf
+- Using existing checkpoint (resolved_from_pdf_cache)
  +- Queueing 2 parent record(s) for generation 31

Howard's Lovely Lass
------------------------------------------------------------------------
Generation 30
+- Reusing local PDF by normalized name: AHN999_100354999689WF62961219092026014802264.pdf
+- Using existing checkpoint (resolved_from_pdf_cache)
  +- Queueing 2 parent record(s) for generation 31

Max's Majestic Nigel
------------------------------------------------------------------------
Generation 30
+- Reusing local PDF by normalized name: AHN999_100354999689WF42691519092026014811273.pdf
+- Using existing checkpoint (resolved_from_pdf_cache)
  +- Queueing 2 parent record(s) for generation 31

Late Blue Munchkins Lady
------------------------------------------------------------------------
Generation 30
+- Reusing local PDF by normalized name: AHN999_100354999689WE59531519092026014820287.pdf
+- Using existing checkpoint (resolved_from_pdf_cache)
  +- Queueing 2 parent record(s) for generation 31

Mr T XXXVII
------------------------------------------------------------------------
Generation 30
  +- Searching AKC by name
  +- Trying AKC name candidate: Mr T XXXVII
  +- Trying AKC name candidate: Mr T
  +- Resolved AKC identity: Mr T XXXVII (WF540336)
  +- Reading MyAKC Dog Information
  +- Generating compact Herding Test/Trial PDF
  +- Saved record as akc:WF540336
  +- Removing processed Dog of Interest from MyAKC
  +- Queueing 2 parent record(s) for generation 31

Christie XIV
------------------------------------------------------------------------
Generation 30
  +- Searching AKC by name
  +- Trying AKC name candidate: Christie XIV
  +- Trying AKC name candidate: Christie
  +- Resolved AKC identity: Christie XIV (WF604938)
  +- Reading MyAKC Dog Information
  +- Generating compact Herding Test/Trial PDF
  +- Saved record as akc:WF604938
  +- Removing processed Dog of Interest from MyAKC
  +- Queueing 2 parent record(s) for generation 31

Sohn Des Herbst CD
------------------------------------------------------------------------
Generation 30
+- Reusing local PDF by normalized name: AHN999_100354999689WF04272619092026014837785.pdf
+- Using existing checkpoint (resolved_from_pdf_cache)
  +- Queueing 2 parent record(s) for generation 31

Schon Leiba Of Bismarck
------------------------------------------------------------------------
Generation 30
+- Reusing local PDF by normalized name: AHN999_100354999689WF21208619092026014846565.pdf
+- Using existing checkpoint (resolved_from_pdf_cache)
  +- Queueing 2 parent record(s) for generation 31

K D Lou's Andre Blue
------------------------------------------------------------------------
Generation 30
+- Reusing local PDF by normalized name: AHN999_100354999689WF33256119092026014854954.pdf
+- Using existing checkpoint (resolved_from_pdf_cache)
  +- Queueing 2 parent record(s) for generation 31

Warlock's Scarlet Sorceress
------------------------------------------------------------------------
Generation 30
+- Reusing local PDF by normalized name: AHN999_100354999689WF30605019092026014903452.pdf
+- Using existing checkpoint (resolved_from_pdf_cache)
  +- Queueing 2 parent record(s) for generation 31

Pattie's Fearless Patrick
------------------------------------------------------------------------
Generation 30
+- Reusing local PDF by normalized name: AHN999_100354999689WC9147581909202601491351.pdf
+- Using existing checkpoint (resolved_from_pdf_cache)
  +- Queueing 2 parent record(s) for generation 31

Vailview's Tiny Sophisticate
------------------------------------------------------------------------
Generation 30
+- Reusing local PDF by normalized name: AHN999_100354999689WD54211719092026014921802.pdf
+- Using existing checkpoint (resolved_from_pdf_cache)
  +- Queueing 2 parent record(s) for generation 31

Drago's Vigilante
------------------------------------------------------------------------
Generation 30
+- Reusing local PDF by normalized name: AHN999_100354999689WC9734401909202601493110.pdf
+- Using existing checkpoint (resolved_from_pdf_cache)
  +- Queueing 1 parent record(s) for generation 31

Pattie's Black Eyed Susan
------------------------------------------------------------------------
Generation 30
+- Reusing local PDF by normalized name: AHN999_100354999689WC5870091909202601494069.pdf
+- Using existing checkpoint (resolved_from_pdf_cache)
  +- Queueing 2 parent record(s) for generation 31

Lupo III
------------------------------------------------------------------------
Generation 30
  +- Searching AKC by name
  +- Trying AKC name candidate: Lupo III
  +- Trying AKC name candidate: Lupo
  +- Resolved AKC identity: Lupo III (WB886288)
  +- Reading MyAKC Dog Information
  +- Generating compact Herding Test/Trial PDF
  +- Saved record as akc:WB886288
  +- Removing processed Dog of Interest from MyAKC

Tarra Von Friedhof
------------------------------------------------------------------------
Generation 30
+- Reusing local PDF by normalized name: AHN999_100354999689WC97633519092026014953519.pdf
+- Using existing checkpoint (resolved_from_pdf_cache)
  +- Queueing 2 parent record(s) for generation 31

Chuty
------------------------------------------------------------------------
Generation 30
+- Reusing local PDF by normalized name: AHN999_100354999689WC73463319092026015002754.pdf
+- Using existing checkpoint (resolved_from_pdf_cache)
  +- Queueing 2 parent record(s) for generation 31

Deyla
------------------------------------------------------------------------
Generation 30
+- Reusing local PDF by normalized name: AHN999_100354999689WD49687019092026015019284.pdf
+- Using existing checkpoint (resolved_from_pdf_cache)
  +- Queueing 2 parent record(s) for generation 31

Luger Von Warlock II
------------------------------------------------------------------------
Generation 30
+- Reusing local PDF by normalized name: AHN999_100354999689WC16939719092026015032589.pdf
+- Using existing checkpoint (resolved_from_pdf_cache)
  +- Queueing 2 parent record(s) for generation 31

Princess Von Moore
------------------------------------------------------------------------
Generation 30
+- Reusing local PDF by normalized name: AHN999_100354999689WC19259719092026015042361.pdf
+- Using existing checkpoint (resolved_from_pdf_cache)
  +- Queueing 2 parent record(s) for generation 31

Tang
------------------------------------------------------------------------
Generation 30
+- Reusing local PDF by normalized name: AHN999_100354999689WB47914319092026015052265.pdf
+- Using existing checkpoint (resolved_from_pdf_cache)

Semanthia
------------------------------------------------------------------------
Generation 30
+- Reusing local PDF by normalized name: AHN999_100354999689WB86912619092026015103272.pdf
+- Using existing checkpoint (resolved_from_pdf_cache)

Burn's Red Sinbad
------------------------------------------------------------------------
Generation 30
+- Reusing local PDF by normalized name: AHN999_100354999689WD42003319092026015112902.pdf
+- Using existing checkpoint (resolved_from_pdf_cache)
  +- Queueing 2 parent record(s) for generation 31

Crystal Von Hunsrueck
------------------------------------------------------------------------
Generation 30
+- Reusing local PDF by normalized name: AHN999_100354999689WD37536619092026015122500.pdf
+- Using existing checkpoint (resolved_from_pdf_cache)
  +- Queueing 2 parent record(s) for generation 31

Sultan Von Wright
------------------------------------------------------------------------
Generation 30
+- Reusing local PDF by normalized name: AHN999_100354999689WE26264519092026015131924.pdf
+- Using existing checkpoint (resolved_from_pdf_cache)
  +- Queueing 2 parent record(s) for generation 31

Baby Blue Wright
------------------------------------------------------------------------
Generation 30
+- Reusing local PDF by normalized name: AHN999_100354999689WE40736619092026015141468.pdf
+- Using existing checkpoint (resolved_from_pdf_cache)
  +- Queueing 2 parent record(s) for generation 31

Kimbertal's Ebony Queen
------------------------------------------------------------------------
Generation 30
  +- Searching AKC by name
  +- Trying AKC name candidate: Kimbertal's Ebony Queen
  +- Resolved AKC identity: Kimbertal's Ebony Queen (WD827023)
  +- Reading MyAKC Dog Information
  +- Generating compact Herding Test/Trial PDF
  +- Saved record as akc:WD827023
  +- Removing processed Dog of Interest from MyAKC
  +- Queueing 1 parent record(s) for generation 31

Kimbertal's Sadie
------------------------------------------------------------------------
Generation 30
+- Reusing local PDF by normalized name: AHN999_100354999689WD33667019092026015202613.pdf
+- Using existing checkpoint (resolved_from_pdf_cache)
  +- Queueing 1 parent record(s) for generation 31

Principe III
------------------------------------------------------------------------
Generation 30
  +- Searching AKC by name
  +- Trying AKC name candidate: Principe III
  +- Trying AKC name candidate: Principe
  +- Resolved AKC identity: Principe III (WD129690)
  +- Reading MyAKC Dog Information
  +- Generating compact Herding Test/Trial PDF
  +- Saved record as akc:WD129690
  +- Removing processed Dog of Interest from MyAKC
  +- Queueing 2 parent record(s) for generation 31

Princesa Laika
------------------------------------------------------------------------
Generation 30
  +- Searching AKC by name
  +- Trying AKC name candidate: Princesa Laika
  +- Resolved AKC identity: Princesa Laika (WD378744)
  +- Reading MyAKC Dog Information
  +- Generating compact Herding Test/Trial PDF
  +- Saved record as akc:WD378744
  +- Removing processed Dog of Interest from MyAKC
  +- Queueing 2 parent record(s) for generation 31

King Kasam
------------------------------------------------------------------------
Generation 30
+- Reusing local PDF by normalized name: AHN999_100354999689WC58775119092026015212666.pdf
+- Using existing checkpoint (resolved_from_pdf_cache)
  +- Queueing 2 parent record(s) for generation 31

Vicking
------------------------------------------------------------------------
Generation 30
+- Reusing local PDF by normalized name: AHN999_100354999689WD12553719092026015222493.pdf
+- Using existing checkpoint (resolved_from_pdf_cache)
  +- Queueing 1 parent record(s) for generation 31

Sultan's Rusty Nail
------------------------------------------------------------------------
Generation 30
+- Reusing local PDF by normalized name: AHN999_100354999689WC98733319092026015231979.pdf
+- Using existing checkpoint (resolved_from_pdf_cache)
  +- Queueing 2 parent record(s) for generation 31

Bo's Jingles
------------------------------------------------------------------------
Generation 30
+- Reusing local PDF by normalized name: AHN999_100354999689WC49108619092026015251127.pdf
+- Using existing checkpoint (resolved_from_pdf_cache)
  +- Queueing 2 parent record(s) for generation 31

Duques Josky Vicol
------------------------------------------------------------------------
Generation 30
+- Reusing local PDF by normalized name: AHN999_100354999689WC74281719092026015302471.pdf
+- Using existing checkpoint (resolved_from_pdf_cache)
  +- Queueing 2 parent record(s) for generation 31

Queen Isis
------------------------------------------------------------------------
Generation 30
+- Reusing local PDF by normalized name: AHN999_100354999689WC84984219092026015312663.pdf
+- Using existing checkpoint (resolved_from_pdf_cache)
  +- Queueing 2 parent record(s) for generation 31

Steve's Dallas Von Duke
------------------------------------------------------------------------
Generation 30
+- Reusing local PDF by normalized name: AHN999_100354999689WA2587411909202605192770.pdf
+- Using existing checkpoint (resolved_from_pdf_cache)
  +- Queueing 2 parent record(s) for generation 31

Sim's Atlanta
------------------------------------------------------------------------
Generation 30
+- Reusing local PDF by normalized name: AHN999_100354999689WA74779219092026110622386.pdf
+- Using existing checkpoint (resolved_from_pdf_cache)

Hollyhigh's Ensign
------------------------------------------------------------------------
Generation 30
+- Reusing local PDF by normalized name: AHN999_100354999689WB14305719092026015321939.pdf
+- Using existing checkpoint (resolved_from_pdf_cache)
  +- Queueing 1 parent record(s) for generation 31

Ariadne Auf Naxos V Dertos
------------------------------------------------------------------------
Generation 30
+- Reusing local PDF by normalized name: AHN999_100354999689WB36919819092026015332259.pdf
+- Using existing checkpoint (resolved_from_pdf_cache)

Dictators' Alexander The Great
------------------------------------------------------------------------
Generation 30
+- Reusing local PDF by normalized name: AHN999_100354999689WB27799919092026015341428.pdf
+- Using existing checkpoint (resolved_from_pdf_cache)
  +- Queueing 2 parent record(s) for generation 31

Hidie Von Galloway II
------------------------------------------------------------------------
Generation 30
  +- Searching AKC by name
  +- Trying AKC name candidate: Hidie Von Galloway II
  +- Trying AKC name candidate: Hidie Von Galloway
  +- Resolved AKC identity: Hidie Von Galloway II (WA996500)
  +- Reading MyAKC Dog Information
  +- Generating compact Herding Test/Trial PDF
  +- Saved record as akc:WA996500
  +- Removing processed Dog of Interest from MyAKC

Mayfair's Midnight Madness
------------------------------------------------------------------------
Generation 30
  +- Searching AKC by name
  +- Trying AKC name candidate: Mayfair's Midnight Madness
  +- Resolved AKC identity: Mayfair's Midnight Madness (WB663514)
  +- Reading MyAKC Dog Information
  +- Generating compact Herding Test/Trial PDF
  +- Saved record as akc:WB663514
  +- Removing processed Dog of Interest from MyAKC
  +- Queueing 2 parent record(s) for generation 31

Lakeview's Heidi Von Alexis
------------------------------------------------------------------------
Generation 30
  +- Searching AKC by name
  +- Trying AKC name candidate: Lakeview's Heidi Von Alexis
  +- Resolved AKC identity: Lakeview's Heidi Von Alexis (WB078697)
  +- Reading MyAKC Dog Information
  +- Generating compact Herding Test/Trial PDF
  +- Saved record as akc:WB078697
  +- Removing processed Dog of Interest from MyAKC
  +- Queueing 1 parent record(s) for generation 31

Kimbertal's Morgan
------------------------------------------------------------------------
Generation 30
  +- Searching AKC by name
  +- Trying AKC name candidate: Kimbertal's Morgan
  +- Resolved AKC identity: Kimbertal's Morgan (WC117507)
  +- Reading MyAKC Dog Information
  +- Generating compact Herding Test/Trial PDF
  +- Saved record as akc:WC117507
  +- Removing processed Dog of Interest from MyAKC
  +- Queueing 1 parent record(s) for generation 31

Epperson's Lady
------------------------------------------------------------------------
Generation 30
  +- Searching AKC by name
  +- Trying AKC name candidate: Epperson's Lady
  +- Resolved AKC identity: Epperson's Lady (WC151798)
  +- Reading MyAKC Dog Information
  +- Generating compact Herding Test/Trial PDF
  +- Saved record as akc:WC151798
  +- Removing processed Dog of Interest from MyAKC
  +- Queueing 2 parent record(s) for generation 31

Katherine Tina
------------------------------------------------------------------------
Generation 30
  +- Searching AKC by name
  +- Trying AKC name candidate: Katherine Tina
  +- Resolved AKC identity: Katherine Tina (WD245358)
  +- Reading MyAKC Dog Information
  +- Generating compact Herding Test/Trial PDF
  +- Saved record as akc:WD245358
  +- Removing processed Dog of Interest from MyAKC
  +- Queueing 1 parent record(s) for generation 31

Beschutzer Vom Ahrtal
------------------------------------------------------------------------
Generation 30
+- Reusing local PDF by normalized name: AHN999_100354999689WB22728919092026015356878.pdf
+- Using existing checkpoint (resolved_from_pdf_cache)
  +- Queueing 2 parent record(s) for generation 31

Bel-A-Mar Ver Boten
------------------------------------------------------------------------
Generation 30
+- Reusing local PDF by normalized name: AHN999_100354999689WB01474719092026015406606.pdf
+- Using existing checkpoint (resolved_from_pdf_cache)
  +- Queueing 2 parent record(s) for generation 31

Sir Rahdja Larahni Of Harb
------------------------------------------------------------------------
Generation 30
+- Reusing local PDF by normalized name: AHN999_100354999689WC65619819092026015416954.pdf
+- Using existing checkpoint (resolved_from_pdf_cache)
  +- Queueing 1 parent record(s) for generation 31

Gretchen Von Drakeshirer
------------------------------------------------------------------------
Generation 30
+- Reusing local PDF by normalized name: AHN999_100354999689WB83135719092026015426769.pdf
+- Using existing checkpoint (resolved_from_pdf_cache)
  +- Queueing 2 parent record(s) for generation 31

Arko v Bottwartal
------------------------------------------------------------------------
Generation 30
  +- Searching AKC by name
  +- Trying AKC name candidate: Arko v Bottwartal
  +- AKC name lookup: not_found
  +- Checking DobeQuest identity index
    +- DobeQuest match 33197 → AKC 620924
    +- Trying AKC number lookup: 620924
    +- DobeQuest-only profile 33197; skipping AKC PDF

Asta v Dankwarderode
------------------------------------------------------------------------
Generation 30
  +- Searching AKC by name
  +- Trying AKC name candidate: Asta v Dankwarderode
  +- AKC name lookup: not_found
  +- Checking DobeQuest identity index
    +- DobeQuest match 33198 → AKC 714983
    +- Trying AKC number lookup: 714983
  +- Resolved AKC identity: Tp Hill's Mrs. Beasley (714983)
  +- Reading MyAKC Dog Information
  +- DobeQuest AKC mismatch: MyAKC returned Tp Hill's Mrs. Beasley (Pomeranian)

Count Satan Of Ormond
------------------------------------------------------------------------
Generation 30
+- Reusing local PDF by normalized name: AHN999_100354999689WA97872719092026080644576.pdf
+- Using existing checkpoint (resolved_from_pdf_cache)
  +- Queueing 2 parent record(s) for generation 31

Satan's Sin
------------------------------------------------------------------------
Generation 30
  +- Searching AKC by name
  +- Trying AKC name candidate: Satan's Sin
  +- Resolved AKC identity: Satan's Sin (WB069284)
  +- Reading MyAKC Dog Information
  +- Generating compact Herding Test/Trial PDF
  +- Saved record as akc:WB069284
  +- Removing processed Dog of Interest from MyAKC
  +- Queueing 2 parent record(s) for generation 31

Erman's Chancellor V Hoytt
------------------------------------------------------------------------
Generation 30
  +- Searching AKC by name
  +- Trying AKC name candidate: Erman's Chancellor V Hoytt
  +- Resolved AKC identity: Erman's Chancellor V Hoytt (WB925043)
  +- Reading MyAKC Dog Information
  +- Generating compact Herding Test/Trial PDF
  +- Saved record as akc:WB925043
  +- Removing processed Dog of Interest from MyAKC
  +- Queueing 2 parent record(s) for generation 31

Schacht's Lucky Lady
------------------------------------------------------------------------
Generation 30
  +- Searching AKC by name
  +- Trying AKC name candidate: Schacht's Lucky Lady
  +- Resolved AKC identity: Schacht's Lucky Lady (WC033631)
  +- Reading MyAKC Dog Information
  +- Generating compact Herding Test/Trial PDF
  +- Saved record as akc:WC033631
  +- Removing processed Dog of Interest from MyAKC
  +- Queueing 2 parent record(s) for generation 31

Andelane's Play Mr Bo Jangles
------------------------------------------------------------------------
Generation 30
  +- Searching AKC by name
  +- Trying AKC name candidate: Andelane's Play Mr Bo Jangles
  +- Resolved AKC identity: Andelane's Play Mr Bo Jangles (WB903242)
  +- Reading MyAKC Dog Information
  +- Generating compact Herding Test/Trial PDF
  +- Saved record as akc:WB903242
  +- Removing processed Dog of Interest from MyAKC
  +- Queueing 2 parent record(s) for generation 31

Blood's Lady Velvet
------------------------------------------------------------------------
Generation 30
  +- Searching AKC by name
  +- Trying AKC name candidate: Blood's Lady Velvet
  +- Resolved AKC identity: Blood's Lady Velvet (WC013449)
  +- Reading MyAKC Dog Information
  +- Generating compact Herding Test/Trial PDF
  +- Saved record as akc:WC013449
  +- Removing processed Dog of Interest from MyAKC
  +- Queueing 2 parent record(s) for generation 31

Mauckteen Ridgeway Shane
------------------------------------------------------------------------
Generation 30
  +- Searching AKC by name
  +- Trying AKC name candidate: Mauckteen Ridgeway Shane
  +- Resolved AKC identity: Mauckteen Ridgeway Shane (WA419238)
  +- Reading MyAKC Dog Information
  +- Generating compact Herding Test/Trial PDF
  +- Saved record as akc:WA419238
  +- Removing processed Dog of Interest from MyAKC
  +- Queueing 1 parent record(s) for generation 31

Tracy's Black Witch Of Warlock
------------------------------------------------------------------------
Generation 30
  +- Searching AKC by name
  +- Trying AKC name candidate: Tracy's Black Witch Of Warlock
  +- Resolved AKC identity: Tracy's Black Witch Of Warlock (WB760548)
  +- Reading MyAKC Dog Information
  +- Generating compact Herding Test/Trial PDF
  +- Saved record as akc:WB760548
  +- Removing processed Dog of Interest from MyAKC
  +- Queueing 2 parent record(s) for generation 31

Daise's Red Devil
------------------------------------------------------------------------
Generation 30
  +- Searching AKC by name
  +- Trying AKC name candidate: Daise's Red Devil
  +- Resolved AKC identity: Daise's Red Devil (WB536093)
  +- Reading MyAKC Dog Information
  +- Generating compact Herding Test/Trial PDF
  +- Saved record as akc:WB536093
  +- Removing processed Dog of Interest from MyAKC

G B's Fraulein
------------------------------------------------------------------------
Generation 30
  +- Searching AKC by name
  +- Trying AKC name candidate: G B's Fraulein
  +- Resolved AKC identity: G B's Fraulein (WC057732)
  +- Reading MyAKC Dog Information
  +- Generating compact Herding Test/Trial PDF
  +- Saved record as akc:WC057732
  +- Removing processed Dog of Interest from MyAKC
  +- Queueing 2 parent record(s) for generation 31

Ambelgate's Sherlock
------------------------------------------------------------------------
Generation 30
  +- Searching AKC by name
  +- Trying AKC name candidate: Ambelgate's Sherlock
  +- Resolved AKC identity: Ambelgate's Sherlock (WA573498)
  +- Reading MyAKC Dog Information
  +- Generating compact Herding Test/Trial PDF
  +- Saved record as akc:WA573498
  +- Removing processed Dog of Interest from MyAKC
  +- Queueing 2 parent record(s) for generation 31

Thor-Mark's Peppermint Cream
------------------------------------------------------------------------
Generation 30
  +- Searching AKC by name
  +- Trying AKC name candidate: Thor-Mark's Peppermint Cream
  +- Resolved AKC identity: Thor-Mark's Peppermint Cream (WA617811)
  +- Reading MyAKC Dog Information
  +- Generating compact Herding Test/Trial PDF
  +- Saved record as akc:WA617811
  +- Removing processed Dog of Interest from MyAKC

Ce-Ce Dobe's Mister Sim
------------------------------------------------------------------------
Generation 30
  +- Searching AKC by name
  +- Trying AKC name candidate: Ce-Ce Dobe's Mister Sim
  +- Resolved AKC identity: Ce-Ce Dobe's Mister Sim (WA295115)
  +- Reading MyAKC Dog Information
  +- Generating compact Herding Test/Trial PDF
  +- Saved record as akc:WA295115
  +- Removing processed Dog of Interest from MyAKC

Kelly Packs Black Witch
------------------------------------------------------------------------
Generation 30
  +- Searching AKC by name
  +- Trying AKC name candidate: Kelly Packs Black Witch
  +- Resolved AKC identity: Kelly Packs Black Witch (WA886247)
  +- Reading MyAKC Dog Information
  +- Generating compact Herding Test/Trial PDF
  +- Saved record as akc:WA886247
  +- Removing processed Dog of Interest from MyAKC

Lucky Joe TQM
------------------------------------------------------------------------
Generation 30
  +- Searching AKC by name
  +- Trying AKC name candidate: Lucky Joe TQM
  +- Resolved AKC identity: Lucky Joe TQM (WC771482)
  +- Reading MyAKC Dog Information
  +- Generating compact Herding Test/Trial PDF
  +- Saved record as akc:WC771482
  +- Removing processed Dog of Interest from MyAKC
  +- Queueing 2 parent record(s) for generation 31

Penny Sue Wheaton
------------------------------------------------------------------------
Generation 30
  +- Searching AKC by name
  +- Trying AKC name candidate: Penny Sue Wheaton
  +- Resolved AKC identity: Penny Sue Wheaton (WB724773)
  +- Reading MyAKC Dog Information
  +- Generating compact Herding Test/Trial PDF
  +- Saved record as akc:WB724773
  +- Removing processed Dog of Interest from MyAKC

Mein-Kamarad-Kuhn
------------------------------------------------------------------------
Generation 30
  +- Searching AKC by name
  +- Trying AKC name candidate: Mein-Kamarad-Kuhn
  +- Resolved AKC identity: Mein-Kamarad-Kuhn (WB578077)
  +- Reading MyAKC Dog Information
  +- Generating compact Herding Test/Trial PDF
  +- Saved record as akc:WB578077
  +- Removing processed Dog of Interest from MyAKC
  +- Queueing 2 parent record(s) for generation 31

Devil's Delight III
------------------------------------------------------------------------
Generation 30
  +- Searching AKC by name
  +- Trying AKC name candidate: Devil's Delight III
  +- Trying AKC name candidate: Devil's Delight
  +- Resolved AKC identity: Devil's Delight III (WB985513)
  +- Reading MyAKC Dog Information
  +- Generating compact Herding Test/Trial PDF
  +- Saved record as akc:WB985513
  +- Removing processed Dog of Interest from MyAKC
  +- Queueing 2 parent record(s) for generation 31

Mike Star Von-Hay CD
------------------------------------------------------------------------
Generation 30
  +- Searching AKC by name
  +- Trying AKC name candidate: Mike Star Von-Hay CD
  +- Trying AKC name candidate: Mike Star Von-Hay
  +- Resolved AKC identity: Mike Star Von-Hay CD (WB244203)
  +- Reading MyAKC Dog Information
  +- Generating compact Herding Test/Trial PDF
  +- Saved record as akc:WB244203
  +- Removing processed Dog of Interest from MyAKC

Bessie Gilita
------------------------------------------------------------------------
Generation 30
  +- Searching AKC by name
  +- Trying AKC name candidate: Bessie Gilita
  +- Resolved AKC identity: Bessie Gilita (WB324883)
  +- Reading MyAKC Dog Information
  +- Generating compact Herding Test/Trial PDF
  +- Saved record as akc:WB324883
  +- Removing processed Dog of Interest from MyAKC
  +- Queueing 2 parent record(s) for generation 31

CH Xeo Thunder Star V Maru CD
------------------------------------------------------------------------
Generation 30
+- Reusing local PDF by normalized name: AHN999_100354999689WA4398421909202608575233.pdf
+- Using existing checkpoint (resolved_from_pdf_cache)
  +- Queueing 2 parent record(s) for generation 31

Lendon Star Von-Hay
------------------------------------------------------------------------
Generation 30
  +- Searching AKC by name
  +- Trying AKC name candidate: Lendon Star Von-Hay
  +- Resolved AKC identity: Lendon Star Von-Hay (WB167190)
  +- Reading MyAKC Dog Information
  +- Generating compact Herding Test/Trial PDF
  +- Saved record as akc:WB167190
  +- Removing processed Dog of Interest from MyAKC

Alridge's Ace
------------------------------------------------------------------------
Generation 30
  +- Searching AKC by name
  +- Trying AKC name candidate: Alridge's Ace
  +- Resolved AKC identity: Alridge's Ace (WB608801)
  +- Reading MyAKC Dog Information
  +- Generating compact Herding Test/Trial PDF
  +- Saved record as akc:WB608801
  +- Removing processed Dog of Interest from MyAKC
  +- Queueing 2 parent record(s) for generation 31

Aldridge's Dutchess
------------------------------------------------------------------------
Generation 30
  +- Searching AKC by name
  +- Trying AKC name candidate: Aldridge's Dutchess
  +- Resolved AKC identity: Aldridge's Dutchess (WB938421)
  +- Reading MyAKC Dog Information
  +- Generating compact Herding Test/Trial PDF
  +- Saved record as akc:WB938421
  +- Removing processed Dog of Interest from MyAKC
  +- Queueing 2 parent record(s) for generation 31

Kurtzhaus Thunder
------------------------------------------------------------------------
Generation 30
  +- Searching AKC by name
  +- Trying AKC name candidate: Kurtzhaus Thunder
  +- AKC name lookup: not_found
  +- Checking DobeQuest identity index
    +- DobeQuest-only profile 5160; skipping AKC PDF

Quinesta's Carousel Miss
------------------------------------------------------------------------
Generation 30
  +- Searching AKC by name
  +- Trying AKC name candidate: Quinesta's Carousel Miss
  +- AKC name lookup: not_found
  +- Checking DobeQuest identity index
    +- No DobeQuest match; saving unresolved status (not_found)

Crawford's Dorian Seth
------------------------------------------------------------------------
Generation 30
  +- Searching AKC by name
  +- Trying AKC name candidate: Crawford's Dorian Seth
  +- Resolved AKC identity: Crawford's Dorian Seth (WA962566)
  +- Reading MyAKC Dog Information
  +- Generating compact Herding Test/Trial PDF
  +- Saved record as akc:WA962566
  +- Removing processed Dog of Interest from MyAKC

Yvonne Ebony Duchess
------------------------------------------------------------------------
Generation 30
  +- Searching AKC by name
  +- Trying AKC name candidate: Yvonne Ebony Duchess
  +- Resolved AKC identity: Yvonne Ebony Duchess (WA639555)
  +- Reading MyAKC Dog Information
  +- Generating compact Herding Test/Trial PDF
  +- Saved record as akc:WA639555
  +- Removing processed Dog of Interest from MyAKC

Kimbertal's Griselda
------------------------------------------------------------------------
Generation 30
+- Reusing local PDF by normalized name: AHN999_100354999689WB92433119092026101345523.pdf
+- Using existing checkpoint (resolved_from_pdf_cache)
  +- Queueing 1 parent record(s) for generation 31

Flint Von Forell
------------------------------------------------------------------------
Generation 30
  +- Searching AKC by name
  +- Trying AKC name candidate: Flint Von Forell
  +- AKC name lookup: not_found
  +- Checking DobeQuest identity index
    +- DobeQuest-only profile 12128; skipping AKC PDF

Grafin Von Hagenstern
------------------------------------------------------------------------
Generation 30
  +- Searching AKC by name
  +- Trying AKC name candidate: Grafin Von Hagenstern
  +- AKC name lookup: not_found
  +- Checking DobeQuest identity index
    +- DobeQuest-only profile 12292; skipping AKC PDF

Kimbertal's Regina
------------------------------------------------------------------------
Generation 30
  +- Searching AKC by name
  +- Trying AKC name candidate: Kimbertal's Regina
  +- Resolved AKC identity: Kimbertal's Regina (WC351772)
  +- Reading MyAKC Dog Information
  +- Generating compact Herding Test/Trial PDF
  +- Saved record as akc:WC351772
  +- Removing processed Dog of Interest from MyAKC
  +- Queueing 1 parent record(s) for generation 31

Law Dor's Reddy Or Not
------------------------------------------------------------------------
Generation 30
  +- Searching AKC by name
  +- Trying AKC name candidate: Law Dor's Reddy Or Not
  +- Resolved AKC identity: Law Dor's Reddy Or Not (WB364546)
  +- Reading MyAKC Dog Information
  +- Generating compact Herding Test/Trial PDF
  +- Saved record as akc:WB364546
  +- Removing processed Dog of Interest from MyAKC
  +- Queueing 1 parent record(s) for generation 31

Turner's Blitz Von Hoytt
------------------------------------------------------------------------
Generation 30
  +- Searching AKC by name
  +- Trying AKC name candidate: Turner's Blitz Von Hoytt
  +- Resolved AKC identity: Turner's Blitz Von Hoytt (WB174349)
  +- Reading MyAKC Dog Information
  +- Generating compact Herding Test/Trial PDF
  +- Saved record as akc:WB174349
  +- Removing processed Dog of Interest from MyAKC
  +- Queueing 2 parent record(s) for generation 31

Gretchen Von Panzer
------------------------------------------------------------------------
Generation 30
  +- Searching AKC by name
  +- Trying AKC name candidate: Gretchen Von Panzer
  +- Resolved AKC identity: Gretchen Von Panzer (WA959682)
  +- Reading MyAKC Dog Information
  +- Generating compact Herding Test/Trial PDF
  +- Saved record as akc:WA959682
  +- Removing processed Dog of Interest from MyAKC
  +- Queueing 2 parent record(s) for generation 31

Rusty Rover Boy
------------------------------------------------------------------------
Generation 30
  +- Searching AKC by name
  +- Trying AKC name candidate: Rusty Rover Boy
  +- Resolved AKC identity: Rusty Rover Boy (WA716940)
  +- Reading MyAKC Dog Information
  +- Generating compact Herding Test/Trial PDF
  +- Saved record as akc:WA716940
  +- Removing processed Dog of Interest from MyAKC

Davis' Gypsy My Love
------------------------------------------------------------------------
Generation 30
  +- Searching AKC by name
  +- Trying AKC name candidate: Davis' Gypsy My Love
  +- Resolved AKC identity: Davis' Gypsy My Love (WA906883)
  +- Reading MyAKC Dog Information
  +- Generating compact Herding Test/Trial PDF
  +- Saved record as akc:WA906883
  +- Removing processed Dog of Interest from MyAKC

Willowbrook Representative
------------------------------------------------------------------------
Generation 30
  +- Searching AKC by name
  +- Trying AKC name candidate: Willowbrook Representative
  +- Resolved AKC identity: Willowbrook Representative (WA801184)
  +- Reading MyAKC Dog Information
  +- Generating compact Herding Test/Trial PDF
  +- Saved record as akc:WA801184
  +- Removing processed Dog of Interest from MyAKC

Dina Mischievious
------------------------------------------------------------------------
Generation 30
  +- Searching AKC by name
  +- Trying AKC name candidate: Dina Mischievious
  +- Resolved AKC identity: Dina Mischievious (WA687143)
  +- Reading MyAKC Dog Information
  +- Generating compact Herding Test/Trial PDF
  +- Saved record as akc:WA687143
  +- Removing processed Dog of Interest from MyAKC

Rip Von Koual
------------------------------------------------------------------------
Generation 30
+- Reusing local PDF by normalized name: AHN999_100354999689WA77958819092026065710929.pdf
+- Using existing checkpoint (resolved_from_pdf_cache)

Borsilina Von Ulrich
------------------------------------------------------------------------
Generation 30
+- Reusing local PDF by normalized name: AHN999_100354999689WB11757819092026072143260.pdf
+- Using existing checkpoint (resolved_from_pdf_cache)

Titanian's Rusty Von Hoffman
------------------------------------------------------------------------
Generation 30
  +- Searching AKC by name
  +- Trying AKC name candidate: Titanian's Rusty Von Hoffman
  +- Resolved AKC identity: Titanian's Rusty Von Hoffman (WA875422)
  +- Reading MyAKC Dog Information
  +- Generating compact Herding Test/Trial PDF
  +- Saved record as akc:WA875422
  +- Removing processed Dog of Interest from MyAKC
  +- Queueing 1 parent record(s) for generation 31

Black Minx Of Dellwood
------------------------------------------------------------------------
Generation 30
  +- Searching AKC by name
  +- Trying AKC name candidate: Black Minx Of Dellwood
  +- Resolved AKC identity: Black Minx Of Dellwood (WB418287)
  +- Reading MyAKC Dog Information
  +- Generating compact Herding Test/Trial PDF
  +- Saved record as akc:WB418287
  +- Removing processed Dog of Interest from MyAKC

CH Tioga Of Glenbrook
------------------------------------------------------------------------
Generation 30
  +- Searching AKC by name
  +- Trying AKC name candidate: CH Tioga Of Glenbrook
  +- Trying AKC name candidate: Tioga Of Glenbrook
  +- Resolved AKC identity: CH Tioga Of Glenbrook (WB508098)
  +- Reading MyAKC Dog Information
  +- Generating compact Herding Test/Trial PDF
  +- Saved record as akc:WB508098
  +- Removing processed Dog of Interest from MyAKC
  +- Queueing 1 parent record(s) for generation 31

CH Gambolwoods Black Cherry
------------------------------------------------------------------------
Generation 30
  +- Searching AKC by name
  +- Trying AKC name candidate: CH Gambolwoods Black Cherry
  +- Trying AKC name candidate: Gambolwoods Black Cherry
  +- Resolved AKC identity: CH Gambolwoods Black Cherry (WB508099)
  +- Reading MyAKC Dog Information
  +- Generating compact Herding Test/Trial PDF
  +- Saved record as akc:WB508099
  +- Removing processed Dog of Interest from MyAKC
  +- Queueing 1 parent record(s) for generation 31

Tiffanys Queen Of Clubs
------------------------------------------------------------------------
Generation 30
  +- Searching AKC by name
  +- Trying AKC name candidate: Tiffanys Queen Of Clubs
  +- Resolved AKC identity: Tiffanys Queen Of Clubs (WC752319)
  +- Reading MyAKC Dog Information
  +- Generating compact Herding Test/Trial PDF
  +- Saved record as akc:WC752319
  +- Removing processed Dog of Interest from MyAKC
  +- Queueing 2 parent record(s) for generation 31

Kimbertal's Pago Pago
------------------------------------------------------------------------
Generation 30
  +- Searching AKC by name
  +- Trying AKC name candidate: Kimbertal's Pago Pago
  +- Resolved AKC identity: Kimbertal's Pago Pago (WB382241)
  +- Reading MyAKC Dog Information
  +- Generating compact Herding Test/Trial PDF
  +- Saved record as akc:WB382241
  +- Removing processed Dog of Interest from MyAKC
  +- Queueing 1 parent record(s) for generation 31

Howard's Von Niccole
------------------------------------------------------------------------
Generation 30
  +- Searching AKC by name
  +- Trying AKC name candidate: Howard's Von Niccole
  +- Resolved AKC identity: Howard's Von Niccole (WB726741)
  +- Reading MyAKC Dog Information
  +- Generating compact Herding Test/Trial PDF
  +- Saved record as akc:WB726741
  +- Removing processed Dog of Interest from MyAKC
  +- Queueing 2 parent record(s) for generation 31

Freud Graham Woerz
------------------------------------------------------------------------
Generation 30
  +- Searching AKC by name
  +- Trying AKC name candidate: Freud Graham Woerz
  +- Resolved AKC identity: Freud Graham Woerz (WC632912)
  +- Reading MyAKC Dog Information
  +- Generating compact Herding Test/Trial PDF
  +- Saved record as akc:WC632912
  +- Removing processed Dog of Interest from MyAKC
  +- Queueing 2 parent record(s) for generation 31

Brunhilda Graham Woerz
------------------------------------------------------------------------
Generation 30
  +- Searching AKC by name
  +- Trying AKC name candidate: Brunhilda Graham Woerz
  +- Resolved AKC identity: Brunhilda Graham Woerz (WC563123)
  +- Reading MyAKC Dog Information
  +- Generating compact Herding Test/Trial PDF
  +- Saved record as akc:WC563123
  +- Removing processed Dog of Interest from MyAKC
  +- Queueing 2 parent record(s) for generation 31

Ho Beau Of Villa Hugel
------------------------------------------------------------------------
Generation 30
  +- Searching AKC by name
  +- Trying AKC name candidate: Ho Beau Of Villa Hugel
  +- Resolved AKC identity: Ho Beau Of Villa Hugel (WA450992)
  +- Reading MyAKC Dog Information
  +- Generating compact Herding Test/Trial PDF
  +- Saved record as akc:WA450992
  +- Removing processed Dog of Interest from MyAKC

Lulleen's Black Ebony
------------------------------------------------------------------------
Generation 30
  +- Searching AKC by name
  +- Trying AKC name candidate: Lulleen's Black Ebony
  +- Resolved AKC identity: Lulleen's Black Ebony (WA869862)
  +- Reading MyAKC Dog Information
  +- Generating compact Herding Test/Trial PDF
  +- Saved record as akc:WA869862
  +- Removing processed Dog of Interest from MyAKC

Duke X
------------------------------------------------------------------------
Generation 30
  +- Searching AKC by name
  +- Trying AKC name candidate: Duke X
  +- Trying AKC name candidate: Duke
  +- AKC name lookup: not_found
  +- Checking DobeQuest identity index
    +- No DobeQuest match; saving unresolved status (not_found)

Tannenheim's Dolly
------------------------------------------------------------------------
Generation 30
  +- Searching AKC by name
  +- Trying AKC name candidate: Tannenheim's Dolly
  +- Resolved AKC identity: Tannenheim's Dolly (WB799741)
  +- Reading MyAKC Dog Information
  +- Generating compact Herding Test/Trial PDF
  +- Saved record as akc:WB799741
  +- Removing processed Dog of Interest from MyAKC
  +- Queueing 2 parent record(s) for generation 31

Midnight Rosa
------------------------------------------------------------------------
Generation 30
  +- Searching AKC by name
  +- Trying AKC name candidate: Midnight Rosa
  +- Resolved AKC identity: Midnight Rosa (WC386100)
  +- Reading MyAKC Dog Information
  +- Generating compact Herding Test/Trial PDF
  +- Saved record as akc:WC386100
  +- Removing processed Dog of Interest from MyAKC
  +- Queueing 2 parent record(s) for generation 31

Heidi Of Holly Hampton
------------------------------------------------------------------------
Generation 30
  +- Searching AKC by name
  +- Trying AKC name candidate: Heidi Of Holly Hampton
  +- Resolved AKC identity: Heidi Of Holly Hampton (WB973811)
  +- Reading MyAKC Dog Information
  +- Generating compact Herding Test/Trial PDF
  +- Saved record as akc:WB973811
  +- Removing processed Dog of Interest from MyAKC
  +- Queueing 2 parent record(s) for generation 31

Barryton's Drambuie
------------------------------------------------------------------------
Generation 30
+- Reusing local PDF by normalized name: AHN999_100354999689WA34038319092026083530429.pdf
+- Using existing checkpoint (resolved_from_pdf_cache)

Highbriar Maid Marion
------------------------------------------------------------------------
Generation 30
+- Reusing local PDF by normalized name: AHN999_100354999689WB05659919092026083543967.pdf
+- Using existing checkpoint (resolved_from_pdf_cache)
  +- Queueing 1 parent record(s) for generation 31

Kimbertal's Erman Storm
------------------------------------------------------------------------
Generation 30
  +- Searching AKC by name
  +- Trying AKC name candidate: Kimbertal's Erman Storm
  +- Resolved AKC identity: Kimbertal's Erman Storm (WB089461)
  +- Reading MyAKC Dog Information
  +- Generating compact Herding Test/Trial PDF
  +- Saved record as akc:WB089461
  +- Removing processed Dog of Interest from MyAKC

CH El Campeon's Gallito
------------------------------------------------------------------------
Generation 30
  +- Searching AKC by name
  +- Trying AKC name candidate: CH El Campeon's Gallito
  +- Trying AKC name candidate: El Campeon's Gallito
  +- Resolved AKC identity: CH El Campeon's Gallito (W795579)
  +- Reading MyAKC Dog Information
  +- Generating compact Herding Test/Trial PDF
  +- Saved record as akc:W795579
  +- Removing processed Dog of Interest from MyAKC

Rubigold's Sea Robin
------------------------------------------------------------------------
Generation 30
  +- Searching AKC by name
  +- Trying AKC name candidate: Rubigold's Sea Robin
  +- Resolved AKC identity: Rubigold's Sea Robin (WA277320)
  +- Reading MyAKC Dog Information
  +- Generating compact Herding Test/Trial PDF
  +- Saved record as akc:WA277320
  +- Removing processed Dog of Interest from MyAKC

Jay El's Von Erik
------------------------------------------------------------------------
Generation 30
  +- Searching AKC by name
  +- Trying AKC name candidate: Jay El's Von Erik
  +- Resolved AKC identity: Jay El's Von Erik (WC414358)
  +- Reading MyAKC Dog Information
  +- Generating compact Herding Test/Trial PDF
  +- Saved record as akc:WC414358
  +- Removing processed Dog of Interest from MyAKC
  +- Queueing 2 parent record(s) for generation 31

Forever Amber Of Kaley
------------------------------------------------------------------------
Generation 30
  +- Searching AKC by name
  +- Trying AKC name candidate: Forever Amber Of Kaley
  +- Resolved AKC identity: Forever Amber Of Kaley (WC675343)
  +- Reading MyAKC Dog Information
  +- Generating compact Herding Test/Trial PDF
  +- Saved record as akc:WC675343
  +- Removing processed Dog of Interest from MyAKC
  +- Queueing 2 parent record(s) for generation 31

Inspector Poobala
------------------------------------------------------------------------
Generation 30
  +- Searching AKC by name
  +- Trying AKC name candidate: Inspector Poobala
  +- Resolved AKC identity: Inspector Poobala (WB927039)
  +- Reading MyAKC Dog Information
  +- Generating compact Herding Test/Trial PDF
  +- Saved record as akc:WB927039
  +- Removing processed Dog of Interest from MyAKC

Shawnee Kristal Woods
------------------------------------------------------------------------
Generation 30
  +- Searching AKC by name
  +- Trying AKC name candidate: Shawnee Kristal Woods
  +- Resolved AKC identity: Shawnee Kristal Woods (WB637464)
  +- Reading MyAKC Dog Information
  +- Generating compact Herding Test/Trial PDF
  +- Saved record as akc:WB637464
  +- Removing processed Dog of Interest from MyAKC
  +- Queueing 2 parent record(s) for generation 31

Hoyer's Misha
------------------------------------------------------------------------
Generation 30
  +- Searching AKC by name
  +- Trying AKC name candidate: Hoyer's Misha
  +- Resolved AKC identity: Hoyer's Misha (WB997507)
  +- Reading MyAKC Dog Information
  +- Generating compact Herding Test/Trial PDF
  +- Saved record as akc:WB997507
  +- Removing processed Dog of Interest from MyAKC
  +- Queueing 2 parent record(s) for generation 31

Warlocks El Toro Rojo CD
------------------------------------------------------------------------
Generation 30
  +- Searching AKC by name
  +- Trying AKC name candidate: Warlocks El Toro Rojo CD
  +- Trying AKC name candidate: Warlocks El Toro Rojo
  +- Resolved AKC identity: Warlocks El Toro Rojo CD (WC497706)
  +- Reading MyAKC Dog Information
  +- Generating compact Herding Test/Trial PDF
  +- Saved record as akc:WC497706
  +- Removing processed Dog of Interest from MyAKC

Schoonver's Gina Darling
------------------------------------------------------------------------
Generation 30
  +- Searching AKC by name
  +- Trying AKC name candidate: Schoonver's Gina Darling
  +- Resolved AKC identity: Schoonver's Gina Darling (WC020426)
  +- Reading MyAKC Dog Information
  +- Generating compact Herding Test/Trial PDF
  +- Saved record as akc:WC020426
  +- Removing processed Dog of Interest from MyAKC
  +- Queueing 2 parent record(s) for generation 31

Trautman's Leo
------------------------------------------------------------------------
Generation 30
  +- Searching AKC by name
  +- Trying AKC name candidate: Trautman's Leo
  +- Resolved AKC identity: Trautman's Leo (WC634427)
  +- Reading MyAKC Dog Information
  +- Generating compact Herding Test/Trial PDF
  +- Saved record as akc:WC634427
  +- Removing processed Dog of Interest from MyAKC
  +- Queueing 2 parent record(s) for generation 31

Ranger Helen
------------------------------------------------------------------------
Generation 30
  +- Searching AKC by name
  +- Trying AKC name candidate: Ranger Helen
  +- Resolved AKC identity: Ranger Helen (WC044813)
  +- Reading MyAKC Dog Information
  +- Generating compact Herding Test/Trial PDF
  +- Saved record as akc:WC044813
  +- Removing processed Dog of Interest from MyAKC
  +- Queueing 2 parent record(s) for generation 31

Jemoels Ebony Rock CD
------------------------------------------------------------------------
Generation 30
  +- Searching AKC by name
  +- Trying AKC name candidate: Jemoels Ebony Rock CD
  +- Trying AKC name candidate: Jemoels Ebony Rock
  +- Resolved AKC identity: Jemoels Ebony Rock CD (WC134661)
  +- Reading MyAKC Dog Information
  +- Generating compact Herding Test/Trial PDF
  +- Saved record as akc:WC134661
  +- Removing processed Dog of Interest from MyAKC
  +- Queueing 1 parent record(s) for generation 31

Kimba Sue Of K C CDX
------------------------------------------------------------------------
Generation 30
  +- Searching AKC by name
  +- Trying AKC name candidate: Kimba Sue Of K C CDX
  +- Trying AKC name candidate: Kimba Sue Of K C
  +- Trying AKC name candidate: Kimba Sue Of K
  +- Trying AKC name candidate: Kimba Sue Of
  +- Resolved AKC identity: Kimba Sue Of K C CDX (WC769262)
  +- Reading MyAKC Dog Information
  +- Generating compact Herding Test/Trial PDF
  +- Saved record as akc:WC769262
  +- Removing processed Dog of Interest from MyAKC
  +- Queueing 1 parent record(s) for generation 31

Alfred Nola Fritz
------------------------------------------------------------------------
Generation 30
  +- Searching AKC by name
  +- Trying AKC name candidate: Alfred Nola Fritz
  +- Resolved AKC identity: Alfred Nola Fritz (WE879621)
  +- Reading MyAKC Dog Information
  +- Generating compact Herding Test/Trial PDF
  +- Saved record as akc:WE879621
  +- Removing processed Dog of Interest from MyAKC
  +- Queueing 2 parent record(s) for generation 31

Gretchen Von Rouson
------------------------------------------------------------------------
Generation 30
  +- Searching AKC by name
  +- Trying AKC name candidate: Gretchen Von Rouson
  +- Resolved AKC identity: Gretchen Von Rouson (WF343115)
  +- Reading MyAKC Dog Information
  +- Generating compact Herding Test/Trial PDF
  +- Saved record as akc:WF343115
  +- Removing processed Dog of Interest from MyAKC
  +- Queueing 2 parent record(s) for generation 31

Dante's Cerise Von Jors
------------------------------------------------------------------------
Generation 30
  +- Searching AKC by name
  +- Trying AKC name candidate: Dante's Cerise Von Jors
  +- Resolved AKC identity: Dante's Cerise Von Jors (WC563212)
  +- Reading MyAKC Dog Information
  +- Generating compact Herding Test/Trial PDF
  +- Saved record as akc:WC563212
  +- Removing processed Dog of Interest from MyAKC
  +- Queueing 2 parent record(s) for generation 31

Kimbertal's Cherokee Chief
------------------------------------------------------------------------
Generation 30
  +- Searching AKC by name
  +- Trying AKC name candidate: Kimbertal's Cherokee Chief
  +- Resolved AKC identity: Kimbertal's Cherokee Chief (WF321126)
  +- Reading MyAKC Dog Information
  +- Generating compact Herding Test/Trial PDF
  +- Saved record as akc:WF321126
  +- Removing processed Dog of Interest from MyAKC
  +- Queueing 1 parent record(s) for generation 31

Kimbertal's Lady Serena
------------------------------------------------------------------------
Generation 30
  +- Searching AKC by name
  +- Trying AKC name candidate: Kimbertal's Lady Serena
  +- Resolved AKC identity: Kimbertal's Lady Serena (WE911490)
  +- Reading MyAKC Dog Information
  +- Generating compact Herding Test/Trial PDF
  +- Saved record as akc:WE911490
  +- Removing processed Dog of Interest from MyAKC
  +- Queueing 1 parent record(s) for generation 31

Kimbertal's Nick The Tiger
------------------------------------------------------------------------
Generation 30
  +- Searching AKC by name
  +- Trying AKC name candidate: Kimbertal's Nick The Tiger
  +- Resolved AKC identity: Kimbertal's Nick The Tiger (WF074839)
  +- Reading MyAKC Dog Information
  +- Generating compact Herding Test/Trial PDF
  +- Saved record as akc:WF074839
  +- Removing processed Dog of Interest from MyAKC
  +- Queueing 1 parent record(s) for generation 31

Kimbertal's Wildflower
------------------------------------------------------------------------
Generation 30
  +- Searching AKC by name
  +- Trying AKC name candidate: Kimbertal's Wildflower
  +- Resolved AKC identity: Kimbertal's Wildflower (WE983571)
  +- Reading MyAKC Dog Information
  +- Generating compact Herding Test/Trial PDF
  +- Saved record as akc:WE983571
  +- Removing processed Dog of Interest from MyAKC
  +- Queueing 1 parent record(s) for generation 31

CH Margrave's Aimee
------------------------------------------------------------------------
Generation 30
  +- Searching AKC by name
  +- Trying AKC name candidate: CH Margrave's Aimee
  +- Trying AKC name candidate: Margrave's Aimee
  +- Resolved AKC identity: CH Margrave's Aimee (WC630271)
  +- Reading MyAKC Dog Information
  +- Generating compact Herding Test/Trial PDF
  +- Saved record as akc:WC630271
  +- Removing processed Dog of Interest from MyAKC

CH Matanuska's Red Rebel CD
------------------------------------------------------------------------
Generation 30
  +- Searching AKC by name
  +- Trying AKC name candidate: CH Matanuska's Red Rebel CD
  +- Trying AKC name candidate: Matanuska's Red Rebel
  +- Resolved AKC identity: CH Matanuska's Red Rebel CD (WD961679)
  +- Reading MyAKC Dog Information
  +- Generating compact Herding Test/Trial PDF
  +- Saved record as akc:WD961679
  +- Removing processed Dog of Interest from MyAKC
  +- Queueing 1 parent record(s) for generation 31

Lady's Satin
------------------------------------------------------------------------
Generation 30
  +- Searching AKC by name
  +- Trying AKC name candidate: Lady's Satin
  +- Resolved AKC identity: Lady's Satin (WD907081)
  +- Reading MyAKC Dog Information
  +- Generating compact Herding Test/Trial PDF
  +- Saved record as akc:WD907081
  +- Removing processed Dog of Interest from MyAKC
  +- Queueing 2 parent record(s) for generation 31

Kimbertal's Brandy The Mooch
------------------------------------------------------------------------
Generation 30
  +- Searching AKC by name
  +- Trying AKC name candidate: Kimbertal's Brandy The Mooch
  +- Resolved AKC identity: Kimbertal's Brandy The Mooch (WD767863)
  +- Reading MyAKC Dog Information
  +- Generating compact Herding Test/Trial PDF
  +- Saved record as akc:WD767863
  +- Removing processed Dog of Interest from MyAKC
  +- Queueing 1 parent record(s) for generation 31

Liebe Of Motherlode
------------------------------------------------------------------------
Generation 30
  +- Searching AKC by name
  +- Trying AKC name candidate: Liebe Of Motherlode
  +- Resolved AKC identity: Liebe Of Motherlode (WC832609)
  +- Reading MyAKC Dog Information
  +- Generating compact Herding Test/Trial PDF
  +- Saved record as akc:WC832609
  +- Removing processed Dog of Interest from MyAKC
  +- Queueing 1 parent record(s) for generation 31

CH Prima Donna's Phantom
------------------------------------------------------------------------
Generation 30
  +- Searching AKC by name
  +- Trying AKC name candidate: CH Prima Donna's Phantom
  +- Trying AKC name candidate: Prima Donna's Phantom
  +- Resolved AKC identity: CH Prima Donna's Phantom (WB907131)
  +- Reading MyAKC Dog Information
  +- Generating compact Herding Test/Trial PDF
  +- Saved record as akc:WB907131
  +- Removing processed Dog of Interest from MyAKC
  +- Queueing 2 parent record(s) for generation 31

Belbravo's Gunfire
------------------------------------------------------------------------
Generation 30
  +- Searching AKC by name
  +- Trying AKC name candidate: Belbravo's Gunfire
  +- Resolved AKC identity: Belbravo's Gunfire (WC193677)
  +- Reading MyAKC Dog Information
  +- Generating compact Herding Test/Trial PDF
  +- Saved record as akc:WC193677
  +- Removing processed Dog of Interest from MyAKC
  +- Queueing 1 parent record(s) for generation 31

Corcia's Sumthin' Evil
------------------------------------------------------------------------
Generation 30
  +- Searching AKC by name
  +- Trying AKC name candidate: Corcia's Sumthin' Evil
  +- Resolved AKC identity: Corcia's Sumthin' Evil (WC047206)
  +- Reading MyAKC Dog Information
  +- Generating compact Herding Test/Trial PDF
  +- Saved record as akc:WC047206
  +- Removing processed Dog of Interest from MyAKC
  +- Queueing 1 parent record(s) for generation 31

Kimbertal's Resa
------------------------------------------------------------------------
Generation 30
  +- Searching AKC by name
  +- Trying AKC name candidate: Kimbertal's Resa
  +- Resolved AKC identity: Kimbertal's Resa (WE936166)
  +- Reading MyAKC Dog Information
  +- Generating compact Herding Test/Trial PDF
  +- Saved record as akc:WE936166
  +- Removing processed Dog of Interest from MyAKC
  +- Queueing 2 parent record(s) for generation 31

Kimbertalis Delora
------------------------------------------------------------------------
Generation 30
  +- Searching AKC by name
  +- Trying AKC name candidate: Kimbertalis Delora
  +- Resolved AKC identity: Kimbertalis Delora (WE301970)
  +- Reading MyAKC Dog Information
  +- Generating compact Herding Test/Trial PDF
  +- Saved record as akc:WE301970
  +- Removing processed Dog of Interest from MyAKC
  +- Queueing 1 parent record(s) for generation 31

Hans Himmler II
------------------------------------------------------------------------
Generation 30
  +- Searching AKC by name
  +- Trying AKC name candidate: Hans Himmler II
  +- Trying AKC name candidate: Hans Himmler
  +- Resolved AKC identity: Hans Himmler II (WD519398)
  +- Reading MyAKC Dog Information
  +- Generating compact Herding Test/Trial PDF
  +- Saved record as akc:WD519398
  +- Removing processed Dog of Interest from MyAKC
  +- Queueing 2 parent record(s) for generation 31

Tanya Of Shady Acres
------------------------------------------------------------------------
Generation 30
  +- Searching AKC by name
  +- Trying AKC name candidate: Tanya Of Shady Acres
  +- Resolved AKC identity: Tanya Of Shady Acres (WD938832)
  +- Reading MyAKC Dog Information
  +- Generating compact Herding Test/Trial PDF
  +- Saved record as akc:WD938832
  +- Removing processed Dog of Interest from MyAKC
  +- Queueing 2 parent record(s) for generation 31

Blue Warrior Of Fleet
------------------------------------------------------------------------
Generation 30
  +- Searching AKC by name
  +- Trying AKC name candidate: Blue Warrior Of Fleet
  +- Resolved AKC identity: Blue Warrior Of Fleet (WE726609)
  +- Reading MyAKC Dog Information
  +- Generating compact Herding Test/Trial PDF
Traceback (most recent call last):
  File "C:\Users\burt\dev\pedigry\akc-scrape\akc_pedigree_scraper.py", line 1332, in <module>
    sys.exit(main())
             ~~~~^^
  File "C:\Users\burt\dev\pedigry\akc-scrape\akc_pedigree_scraper.py", line 1307, in main
    collect(
    ~~~~~~~^
        browser,
        ^^^^^^^^
    ...<16 lines>...
        args.prefer_local_pdfs,
        ^^^^^^^^^^^^^^^^^^^^^^^
    )
    ^
  File "C:\Users\burt\dev\pedigry\akc-scrape\akc_pedigree_scraper.py", line 1133, in collect
    pdf = download_entry_form(page, canonical_name, selected_akc_number, downloads_dir)
  File "C:\Users\burt\dev\pedigry\akc-scrape\akc_pedigree_scraper.py", line 754, in download_entry_form
    form = open_entry_form(page, name, akc_number)
  File "C:\Users\burt\dev\pedigry\akc-scrape\akc_pedigree_scraper.py", line 739, in open_entry_form
    form.locator(form_selector).wait_for(timeout=10_000)
    ~~~~~~~~~~~~~~~~~~~~~~~~~~~~~~~~~~~~^^^^^^^^^^^^^^^^
  File "C:\Users\burt\AppData\Local\Programs\Python\Python314\Lib\site-packages\playwright\sync_api\_generated.py", line 20539, in wait_for
    self._sync(
    ~~~~~~~~~~^
        self._impl_obj.wait_for(timeout=to_milliseconds(timeout), state=state)
        ^^^^^^^^^^^^^^^^^^^^^^^^^^^^^^^^^^^^^^^^^^^^^^^^^^^^^^^^^^^^^^^^^^^^^^
    )
    ^
  File "C:\Users\burt\AppData\Local\Programs\Python\Python314\Lib\site-packages\playwright\_impl\_sync_base.py", line 115, in _sync
    return task.result()
           ~~~~~~~~~~~^^
  File "C:\Users\burt\AppData\Local\Programs\Python\Python314\Lib\site-packages\playwright\_impl\_locator.py", line 748, in wait_for
    await self._frame.wait_for_selector(
        self._selector, strict=True, timeout=timeout, state=state
    )
  File "C:\Users\burt\AppData\Local\Programs\Python\Python314\Lib\site-packages\playwright\_impl\_frame.py", line 394, in wait_for_selector
    await self._channel.send(
        "waitForSelector", self._timeout, locals_to_params(locals())
    )
  File "C:\Users\burt\AppData\Local\Programs\Python\Python314\Lib\site-packages\playwright\_impl\_connection.py", line 76, in send
    return await self._connection.wrap_api_call(
           ^^^^^^^^^^^^^^^^^^^^^^^^^^^^^^^^^^^^^
    ...<3 lines>...
    )
    ^
  File "C:\Users\burt\AppData\Local\Programs\Python\Python314\Lib\site-packages\playwright\_impl\_connection.py", line 632, in wrap_api_call
    raise rewrite_error(error, f"{parsed_st['apiName']}: {error}") from None
playwright._impl._errors.TimeoutError: Locator.wait_for: Timeout 10000ms exceeded.
Call log:
  - waiting for locator("input[name='form'][value='AHN999_1003']") to be visible

~/dev/pedigry/akc-scrape
burt@blacky:~$
